#OTU,taxonomy,DRB--Positive10-nc.blast,DRB--Positive11-nc.blast,DRB--Positive12-nc.blast,DRB--Sample1a--WGN-nc.blast,DRB--Sample1a--WWE-nc.blast,DRB--Sample1a--WWK-nc.blast,DRB--Sample1b--WGN-nc.blast,DRB--Sample1b--WWE-nc.blast,DRB--Sample1b--WWK-nc.blast,DRB--Sample1c--WGN-nc.blast,DRB--Sample1c--WWE-nc.blast,DRB--Sample1c--WWK-nc.blast,DRB--Sample2a--WGN-nc.blast,DRB--Sample2a--WWE-nc.blast,DRB--Sample2a--WWK-nc.blast,DRB--Sample2b--WGN-nc.blast,DRB--Sample2b--WWE-nc.blast,DRB--Sample2b--WWK-nc.blast,DRB--Sample2c--WGN-nc.blast,DRB--Sample2c--WWE-nc.blast,DRB--Sample2c--WWK-nc.blast,DRB--Sample3a--WGN-nc.blast,DRB--Sample3a--WWE-nc.blast,DRB--Sample3a--WWK-nc.blast,DRB--Sample3b--WGN-nc.blast,DRB--Sample3b--WWE-nc.blast,DRB--Sample3b--WWK-nc.blast,DRB--Sample3c--WGN-nc.blast,DRB--Sample3c--WWE-nc.blast,DRB--Sample3c--WWK-nc.blast,DRB--Sample4a--WGN-nc.blast,DRB--Sample4a--WWE-nc.blast,DRB--Sample4a--WWK-nc.blast,DRB--Sample4b--WGN-nc.blast,DRB--Sample4b--WWE-nc.blast,DRB--Sample4b--WWK-nc.blast,DRB--Sample4c--WGN-nc.blast,DRB--Sample4c--WWE-nc.blast,DRB--Sample4c--WWK-nc.blast,DRB--Sample5a--WGN-nc.blast,DRB--Sample5a--WWE-nc.blast,DRB--Sample5a--WWK-nc.blast,DRB--Sample5b--WGN-nc.blast,DRB--Sample5b--WWE-nc.blast,DRB--Sample5b--WWK-nc.blast,DRB--Sample5c--WGN-nc.blast,DRB--Sample5c--WWE-nc.blast,DRB--Sample5c--WWK-nc.blast,DRB--Sample6a--WGN-nc.blast,DRB--Sample6a--WWE-nc.blast,DRB--Sample6a--WWK-nc.blast,DRB--Sample6b--WGN-nc.blast,DRB--Sample6b--WWE-nc.blast,DRB--Sample6b--WWK-nc.blast,DRB--Sample6c--WGN-nc.blast,DRB--Sample6c--WWE-nc.blast,DRB--Sample6c--WWK-nc.blast
Acanthocyclops,"['k__Metazoa', 'p__Arthropoda', 'c__Maxillopoda', 'o__Cyclopoida', 'f__Cyclopidae', 'g__Acanthocyclops']",0,0,0,0,0,0,0,0,0,0,0,0,0,0,0,0,0,0,0,0,0,0,0,0,0,0,0,0,0,0,0,0,0,0,0,0,0,0,0,0,0,0,0,0,0,0,0,0,0,0,0,0,0,0,0,0,0
Acanthocyclops_vernalis,"['k__Metazoa', 'p__Arthropoda', 'c__Maxillopoda', 'o__Cyclopoida', 'f__Cyclopidae', 'g__Acanthocyclops', 's__Acanthocyclops_vernalis']",0,0,0,0,0,0,0,0,0,0,0,0,0,0,0,0,0,0,0,0,0,0,0,0,0,0,0,0,0,0,0,0,0,0,0,0,0,0,0,0,0,0,0,0,0,0,0,0,0,0,0,0,0,0,0,0,0
Acanthosoma_haemorrhoidale,"['k__Metazoa', 'p__Arthropoda', 'c__Insecta', 'o__Hemiptera', 'f__Acanthosomatidae', 'g__Acanthosoma', 's__Acanthosoma_haemorrhoidale']",0,0,0,0,0,0,0,0,0,0,0,0,0,0,0,0,0,0,0,0,0,0,0,0,0,0,0,0,0,0,0,0,0,0,0,0,0,0,0,0,0,0,0,0,0,0,0,0,0,0,0,0,0,0,0,0,0
Achlya,"['k__unknown', 'p__unknown', 'c__Oomycetes', 'o__Saprolegniales', 'f__Saprolegniaceae', 'g__Achlya']",0,0,0,0,0,0,0,0,0,0,0,0,0,0,0,0,0,0,0,0,0,0,0,0,0,0,0,0,0,0,0,0,0,0,0,0,0,0,0,0,0,0,0,0,0,0,0,0,0,0,0,0,0,0,0,0,0
Actinopteri,"['k__Metazoa', 'p__Chordata', 'c__Actinopteri']",0,0,0,0,0,0,0,0,0,0,0,0,0,0,0,0,0,0,0,0,0,0,0,0,0,0,0,0,0,0,0,0,0,0,0,0,0,0,0,0,0,0,0,0,0,0,0,0,0,0,0,0,0,0,0,7,0
Agapetus_fuscipes,"['k__Metazoa', 'p__Arthropoda', 'c__Insecta', 'o__Trichoptera', 'f__Glossosomatidae', 'g__Agapetus', 's__Agapetus_fuscipes']",0,0,0,0,0,0,0,0,0,0,0,0,0,0,0,0,0,0,0,0,0,0,0,0,0,0,0,0,0,0,0,0,0,0,0,0,0,0,0,0,0,0,0,0,0,0,0,0,0,0,0,0,0,0,0,0,0
Amphinemura_standfussi,"['k__Metazoa', 'p__Arthropoda', 'c__Insecta', 'o__Plecoptera', 'f__Nemouridae', 'g__Amphinemura', 's__Amphinemura_standfussi']",0,0,0,0,0,0,0,0,0,0,0,0,0,0,0,0,0,0,0,0,0,0,0,0,0,0,0,0,0,0,0,0,0,0,0,0,0,0,0,0,0,0,0,0,0,0,0,0,0,0,0,0,0,0,0,0,0
Anatidae,"['k__Metazoa', 'p__Chordata', 'c__Aves', 'o__Anseriformes', 'f__Anatidae']",0,0,0,0,0,0,0,0,0,0,0,0,0,0,0,0,0,0,0,0,0,0,0,0,0,0,0,0,0,0,0,0,0,0,0,0,0,0,0,0,0,0,0,0,0,0,0,0,0,0,0,0,0,0,0,0,0
Anguilliformes,"['k__Metazoa', 'p__Chordata', 'c__Actinopteri', 'o__Anguilliformes']",0,0,0,0,0,0,0,0,0,0,0,0,0,0,0,0,0,0,0,0,0,0,0,0,0,0,0,0,0,0,0,0,0,0,0,0,0,0,0,0,0,0,0,0,0,0,0,0,0,0,0,0,0,0,0,0,0
Anser,"['k__Metazoa', 'p__Chordata', 'c__Aves', 'o__Anseriformes', 'f__Anatidae', 'g__Anser']",0,0,0,0,0,0,0,0,0,0,0,0,0,0,0,0,0,0,0,0,0,0,0,0,0,0,0,0,0,0,0,0,0,0,0,0,0,0,0,0,0,0,0,0,0,0,0,0,0,0,0,0,0,0,0,0,0
Aphanomyces,"['k__unknown', 'p__unknown', 'c__Oomycetes', 'o__Saprolegniales', 'f__Saprolegniaceae', 'g__Aphanomyces']",0,0,0,0,0,7,0,0,0,0,0,0,0,0,27,0,0,0,0,0,0,0,0,0,0,0,0,0,0,0,0,0,0,0,0,0,0,0,0,0,0,0,0,0,0,0,0,0,0,0,0,0,0,0,0,0,0
Aphanomyces_astaci,"['k__unknown', 'p__unknown', 'c__Oomycetes', 'o__Saprolegniales', 'f__Saprolegniaceae', 'g__Aphanomyces', 's__Aphanomyces_astaci']",0,0,0,0,0,0,0,0,0,0,0,0,0,0,0,0,0,0,0,0,0,0,0,0,0,0,0,0,0,0,0,0,0,0,0,0,0,0,0,0,0,0,0,0,0,0,0,0,0,0,0,0,0,0,0,0,0
Aphanomyces_laevis,"['k__unknown', 'p__unknown', 'c__Oomycetes', 'o__Saprolegniales', 'f__Saprolegniaceae', 'g__Aphanomyces', 's__Aphanomyces_laevis']",0,0,0,0,0,0,0,0,0,0,0,0,0,0,0,0,0,0,0,0,0,0,0,0,0,0,0,0,0,0,0,0,0,0,0,0,0,0,0,0,0,0,0,0,0,0,0,0,0,0,0,0,0,0,0,0,0
Aphididae,"['k__Metazoa', 'p__Arthropoda', 'c__Insecta', 'o__Hemiptera', 'f__Aphididae']",0,0,0,0,8,10,0,0,0,0,0,0,0,0,0,0,0,0,0,0,0,0,0,0,0,0,0,0,0,0,0,0,0,0,0,0,0,0,0,0,0,0,0,0,0,0,11,0,0,0,0,0,12,0,0,7,0
Aphthona,"['k__Metazoa', 'p__Arthropoda', 'c__Insecta', 'o__Coleoptera', 'f__Chrysomelidae', 'g__Aphthona']",0,0,0,0,0,0,0,0,0,0,0,0,0,0,0,0,0,0,0,0,0,0,0,0,0,0,0,0,0,0,0,0,0,0,0,0,0,0,0,0,0,0,0,0,0,0,0,0,0,0,0,0,0,0,0,0,0
Apoikiospumella_mondseeiensis,"['k__unknown', 'p__unknown', 'c__Chrysophyceae', 'o__unknown', 'f__Apoikiaceae', 'g__Apoikiospumella', 's__Apoikiospumella_mondseeiensis']",0,0,0,0,0,0,0,0,0,0,0,0,0,0,0,0,0,0,0,0,0,0,0,0,0,0,0,0,0,0,0,0,0,0,0,0,0,0,0,0,0,0,0,0,0,0,0,0,0,0,5,0,0,0,0,0,0
Aporrectodea_longa,"['k__Metazoa', 'p__Annelida', 'c__Clitellata', 'o__Haplotaxida', 'f__Lumbricidae', 'g__Aporrectodea', 's__Aporrectodea_longa']",0,0,0,0,0,0,0,0,0,0,0,0,0,0,0,0,0,0,0,0,0,0,0,0,0,0,0,0,0,0,0,0,0,0,0,0,0,0,0,0,0,0,0,0,0,0,0,0,0,0,0,0,0,0,0,0,0
Aporrectodea_nocturna,"['k__Metazoa', 'p__Annelida', 'c__Clitellata', 'o__Haplotaxida', 'f__Lumbricidae', 'g__Aporrectodea', 's__Aporrectodea_nocturna']",0,0,0,0,0,0,0,0,0,0,0,0,0,0,0,0,0,0,0,0,0,0,0,0,0,0,0,0,0,0,0,0,0,0,0,0,0,0,0,0,0,0,0,0,0,0,0,0,0,0,0,0,0,0,0,0,0
Arion,"['k__Metazoa', 'p__Mollusca', 'c__Gastropoda', 'o__unknown', 'f__Arionidae', 'g__Arion']",0,0,0,0,0,0,0,0,0,0,0,0,0,0,0,0,0,0,0,0,0,0,0,0,0,0,0,0,0,0,0,0,0,0,0,0,0,0,0,0,0,0,0,0,0,0,0,0,0,0,0,0,0,0,0,0,0
Ascomycota,"['k__Fungi', 'p__Ascomycota']",42,0,0,0,0,0,0,0,0,0,0,0,0,0,0,0,0,0,0,0,0,0,0,0,0,0,0,0,0,0,0,0,0,0,0,0,0,0,0,0,0,0,0,0,0,0,0,0,0,0,0,0,0,0,0,0,0
Asellus_aquaticus,"['k__Metazoa', 'p__Arthropoda', 'c__Malacostraca', 'o__Isopoda', 'f__Asellidae', 'g__Asellus', 's__Asellus_aquaticus']",0,0,0,0,0,0,0,0,0,0,0,0,0,0,0,5,0,0,0,0,0,0,0,0,0,0,0,0,0,0,0,0,0,0,0,0,0,0,0,0,0,0,0,0,0,0,0,0,0,0,0,0,0,0,0,0,0
Asterionella_formosa,"['k__unknown', 'p__Bacillariophyta', 'c__Fragilariophyceae', 'o__Fragilariales', 'f__Fragilariaceae', 'g__Asterionella', 's__Asterionella_formosa']",0,0,0,0,0,0,0,0,0,0,0,0,0,0,0,0,0,0,0,0,0,0,0,0,0,0,0,0,0,0,0,0,0,0,0,0,0,0,0,0,0,0,0,0,0,0,0,0,0,0,0,0,0,0,0,0,0
Aves,"['k__Metazoa', 'p__Chordata', 'c__Aves']",0,0,0,0,0,0,0,0,0,0,0,0,0,0,0,0,0,0,0,0,0,0,0,0,0,0,0,0,0,0,0,0,0,0,0,0,0,0,0,0,0,0,0,0,0,0,0,0,0,0,0,0,0,0,0,0,0
Baetis_buceratus,"['k__Metazoa', 'p__Arthropoda', 'c__Insecta', 'o__Ephemeroptera', 'f__Baetidae', 'g__Baetis', 's__Baetis_buceratus']",0,0,0,0,0,0,0,0,0,0,0,0,0,0,0,0,0,0,0,0,0,0,0,0,0,0,0,0,0,0,0,0,0,0,0,0,0,0,0,0,0,0,0,0,0,0,0,0,0,0,0,0,0,0,0,53,0
Baetis_rhodani,"['k__Metazoa', 'p__Arthropoda', 'c__Insecta', 'o__Ephemeroptera', 'f__Baetidae', 'g__Baetis', 's__Baetis_rhodani']",0,0,0,0,0,0,0,0,0,0,0,0,0,0,0,0,0,0,0,0,0,0,0,0,0,0,0,0,0,0,0,0,0,0,0,0,0,0,0,0,0,0,0,0,0,0,0,0,0,0,0,0,0,0,0,0,0
Baetis_vernus,"['k__Metazoa', 'p__Arthropoda', 'c__Insecta', 'o__Ephemeroptera', 'f__Baetidae', 'g__Baetis', 's__Baetis_vernus']",0,0,0,0,0,0,0,0,0,0,0,0,0,0,0,0,0,0,0,0,0,0,0,0,0,0,0,0,0,0,0,0,0,0,0,0,0,0,0,0,0,0,0,0,0,0,0,0,0,0,0,0,0,0,0,0,0
Batrachospermaceae,"['k__unknown', 'p__unknown', 'c__Florideophyceae', 'o__Batrachospermales', 'f__Batrachospermaceae']",0,0,0,0,0,0,0,0,0,0,0,0,0,0,0,0,0,0,0,0,0,0,0,0,0,0,0,0,0,0,0,0,0,0,0,0,0,0,0,0,0,0,0,0,0,0,0,0,0,0,0,0,0,0,0,0,0
Batrachospermum_gelatinosum,"['k__unknown', 'p__unknown', 'c__Florideophyceae', 'o__Batrachospermales', 'f__Batrachospermaceae', 'g__Batrachospermum', 's__Batrachospermum_gelatinosum']",0,0,0,0,9,27,6,0,17,14,0,0,0,0,51,19,0,9,0,0,5,0,5,7,0,0,0,8,10,0,6,5,0,19,0,5,0,0,0,0,0,19,0,0,19,0,0,0,13,5,10,5,6,7,0,6,0
Batrachospermum_helminthosum,"['k__unknown', 'p__unknown', 'c__Florideophyceae', 'o__Batrachospermales', 'f__Batrachospermaceae', 'g__Batrachospermum', 's__Batrachospermum_helminthosum']",0,0,0,0,0,0,0,0,0,0,0,0,0,0,0,0,0,0,0,0,0,0,0,0,0,0,0,0,0,0,0,0,0,0,0,0,0,0,0,0,0,0,0,0,0,0,0,0,0,0,0,0,0,0,0,0,0
Brachionus_calyciflorus,"['k__Metazoa', 'p__Rotifera', 'c__Monogononta', 'o__Ploima', 'f__Brachionidae', 'g__Brachionus', 's__Brachionus_calyciflorus']",0,0,0,0,7,118,0,0,70,0,0,76,0,0,0,0,55,96,0,13,12,0,0,45,30,0,11,0,0,0,0,0,21,0,0,30,0,34,18,0,0,80,0,0,0,0,0,192,0,0,0,0,163,0,0,0,0
Brachionus_urceolaris,"['k__Metazoa', 'p__Rotifera', 'c__Monogononta', 'o__Ploima', 'f__Brachionidae', 'g__Brachionus', 's__Brachionus_urceolaris']",0,0,0,0,0,0,0,0,25,0,5,5,0,0,0,0,0,0,0,0,0,0,0,0,0,0,16,0,0,0,0,0,0,0,0,0,0,15,0,0,0,0,0,0,0,0,0,0,0,0,0,0,0,0,0,0,0
Calonectria_colhounii,"['k__Fungi', 'p__Ascomycota', 'c__Sordariomycetes', 'o__Hypocreales', 'f__Nectriaceae', 'g__Calonectria', 's__Calonectria_colhounii']",0,0,0,0,0,0,0,0,0,0,0,0,0,0,0,0,0,0,0,0,0,0,0,0,0,0,0,0,0,0,0,0,0,0,0,0,0,0,0,0,0,0,0,0,0,0,0,0,0,0,0,0,0,0,0,6,0
Candida_sake,"['k__Fungi', 'p__Ascomycota', 'c__Saccharomycetes', 'o__Saccharomycetales', 'f__unknown', 'g__Candida', 's__Candida_sake']",0,0,0,0,0,11,0,0,0,0,0,0,0,0,0,0,0,0,0,0,0,0,0,0,0,0,0,0,0,0,0,0,0,0,0,0,0,0,0,0,0,0,0,0,0,0,0,0,0,0,0,0,0,0,0,0,0
Canthocamptidae_sp._BOLD:ACJ8158,"['k__Metazoa', 'p__Arthropoda', 'c__Maxillopoda', 'o__Harpacticoida', 'f__Canthocamptidae', 'g__unknown', 's__Canthocamptidae_sp._BOLD:ACJ8158']",0,0,0,0,0,0,0,0,0,0,0,0,0,0,0,0,0,0,0,0,0,0,0,0,0,0,0,0,0,0,0,0,0,0,0,0,0,0,0,0,0,0,0,0,0,0,0,0,0,0,0,0,0,0,0,0,0
Carassius_carassius,"['k__Metazoa', 'p__Chordata', 'c__Actinopteri', 'o__Cypriniformes', 'f__Cyprinidae', 'g__Carassius', 's__Carassius_carassius']",0,0,0,0,0,0,0,0,0,0,0,0,0,0,0,0,0,0,0,0,0,0,0,0,0,0,0,0,0,0,0,0,0,0,0,0,0,0,0,0,0,0,0,0,0,0,0,0,0,0,0,0,0,0,0,0,0
Cecidophyes_galii,"['k__Metazoa', 'p__Arthropoda', 'c__Arachnida', 'o__unknown', 'f__Eriophyidae', 'g__Cecidophyes', 's__Cecidophyes_galii']",0,0,0,0,0,0,0,0,0,0,0,0,0,0,0,0,0,0,0,0,0,0,0,0,0,0,0,0,0,0,0,0,0,0,0,0,0,0,0,0,0,0,0,0,0,0,0,0,0,0,0,0,0,0,0,0,0
Centroptilum_luteolum,"['k__Metazoa', 'p__Arthropoda', 'c__Insecta', 'o__Ephemeroptera', 'f__Baetidae', 'g__Centroptilum', 's__Centroptilum_luteolum']",0,0,0,0,0,0,0,0,0,0,0,0,0,0,0,0,0,0,0,0,0,0,0,0,0,0,0,0,0,0,0,0,0,0,0,0,0,0,0,0,0,0,0,0,0,0,0,0,0,0,0,0,0,0,0,0,0
Chaetogaster_diaphanus,"['k__Metazoa', 'p__Annelida', 'c__Clitellata', 'o__Haplotaxida', 'f__Tubificidae', 'g__Chaetogaster', 's__Chaetogaster_diaphanus']",0,0,0,0,0,0,0,0,0,0,0,0,0,0,0,0,0,0,0,0,0,0,0,0,0,0,0,0,0,0,0,0,0,0,0,0,0,0,0,0,0,0,0,0,0,0,0,0,0,0,0,0,0,0,0,0,0
Chaetogaster_diastrophus,"['k__Metazoa', 'p__Annelida', 'c__Clitellata', 'o__Haplotaxida', 'f__Tubificidae', 'g__Chaetogaster', 's__Chaetogaster_diastrophus']",0,0,0,0,9,0,0,0,0,0,0,0,0,5,0,0,0,0,0,0,0,0,0,5,0,0,0,0,0,0,0,0,0,0,0,5,0,0,0,0,0,0,0,0,0,0,11,0,0,0,0,0,5,0,0,6,0
Chaetopteryx,"['k__Metazoa', 'p__Arthropoda', 'c__Insecta', 'o__Trichoptera', 'f__Limnephilidae', 'g__Chaetopteryx']",0,0,0,0,0,0,0,0,0,0,0,0,0,0,0,0,0,0,0,0,0,0,0,0,0,0,0,0,0,0,0,0,0,0,0,0,0,0,0,0,0,0,0,0,0,0,0,0,0,0,0,0,0,0,0,0,0
Chironomidae,"['k__Metazoa', 'p__Arthropoda', 'c__Insecta', 'o__Diptera', 'f__Chironomidae']",0,0,0,0,100,0,0,0,0,0,5,0,0,0,64,0,0,0,0,0,0,0,0,0,0,0,0,0,6,0,0,0,0,0,0,0,0,0,0,0,0,0,0,0,5,0,0,14,0,0,421,0,5,0,0,0,0
Chironomus,"['k__Metazoa', 'p__Arthropoda', 'c__Insecta', 'o__Diptera', 'f__Chironomidae', 'g__Chironomus']",0,0,0,0,0,0,0,0,0,0,0,0,0,0,0,0,0,0,0,0,0,0,0,0,0,0,0,0,0,0,0,0,0,0,0,0,0,0,0,0,0,0,0,0,0,0,0,0,0,0,0,0,0,0,0,0,0
Chironomus_bernensis_MOTU7,"['k__Metazoa', 'p__Arthropoda', 'c__Insecta', 'o__Diptera', 'f__Chironomidae', 'g__Chironomus', 's__Chironomus_bernensis_MOTU7']",0,0,0,0,0,0,0,0,0,0,0,0,0,0,0,0,0,0,0,0,0,0,0,0,0,0,0,0,0,0,0,0,0,0,0,0,0,0,0,0,0,0,0,0,0,0,0,0,0,0,0,0,0,0,0,0,0
Chironomus_luridus,"['k__Metazoa', 'p__Arthropoda', 'c__Insecta', 'o__Diptera', 'f__Chironomidae', 'g__Chironomus', 's__Chironomus_luridus']",0,0,0,0,0,0,0,0,0,0,0,0,0,0,0,0,0,0,0,0,0,0,0,0,0,0,0,0,0,0,0,0,0,0,0,0,0,0,0,0,0,0,0,0,0,0,0,0,0,0,0,0,0,0,0,0,0
Chironomus_sp._BOLD:AAI4299,"['k__Metazoa', 'p__Arthropoda', 'c__Insecta', 'o__Diptera', 'f__Chironomidae', 'g__Chironomus', 's__Chironomus_sp._BOLD:AAI4299']",0,0,0,0,0,0,0,0,0,0,0,0,0,0,0,0,0,0,0,0,0,0,0,0,0,0,0,0,0,0,0,0,0,0,0,0,0,0,0,0,0,0,0,0,0,0,0,0,0,0,0,0,0,0,0,0,0
Chlorella_sp._ArM0029B,"['k__Viridiplantae', 'p__Chlorophyta', 'c__Trebouxiophyceae', 'o__Chlorellales', 'f__Chlorellaceae', 'g__Chlorella', 's__Chlorella_sp._ArM0029B']",0,0,0,0,5,0,0,0,0,0,0,0,0,0,0,0,0,0,0,0,0,0,0,0,0,0,0,0,0,0,0,0,0,0,0,0,0,0,0,0,0,0,0,0,0,0,0,0,0,0,0,0,0,0,0,0,0
Chlorella_variabilis,"['k__Viridiplantae', 'p__Chlorophyta', 'c__Trebouxiophyceae', 'o__Chlorellales', 'f__Chlorellaceae', 'g__Chlorella', 's__Chlorella_variabilis']",0,0,0,0,0,0,0,0,0,0,0,0,0,0,0,0,0,0,0,0,0,0,0,0,0,0,0,0,0,0,0,0,0,0,0,0,0,0,0,0,0,0,0,0,0,0,0,0,0,0,0,0,0,0,0,0,0
Chordata,"['k__Metazoa', 'p__Chordata']",0,0,0,0,0,0,0,0,0,0,0,0,0,0,0,0,0,0,0,0,0,0,0,0,0,0,0,0,0,0,0,0,0,0,0,0,0,0,0,0,0,0,0,0,0,0,0,0,0,0,0,0,0,0,0,0,0
Chrysochromulina_sp._CCMP291,"['k__unknown', 'p__unknown', 'c__unknown', 'o__Prymnesiales', 'f__Chrysochromulinaceae', 'g__Chrysochromulina', 's__Chrysochromulina_sp._CCMP291']",0,0,0,0,0,0,0,0,0,0,0,0,0,0,0,0,0,0,0,0,0,0,0,0,0,0,0,0,0,0,0,0,0,0,0,0,0,0,0,0,0,0,0,0,0,0,0,0,0,0,0,0,0,0,0,0,0
Chydorus_brevilabris,"['k__Metazoa', 'p__Arthropoda', 'c__Branchiopoda', 'o__Diplostraca', 'f__Chydoridae', 'g__Chydorus', 's__Chydorus_brevilabris']",0,0,0,0,0,0,0,0,0,0,0,0,0,0,0,0,0,0,0,0,0,0,0,0,0,0,0,0,0,0,0,0,0,0,0,0,0,0,0,0,0,0,0,0,0,0,0,0,0,0,0,0,0,0,0,0,0
Chydorus_sp._PS-2013,"['k__Metazoa', 'p__Arthropoda', 'c__Branchiopoda', 'o__Diplostraca', 'f__Chydoridae', 'g__Chydorus', 's__Chydorus_sp._PS-2013']",0,0,0,0,0,0,0,0,0,0,0,0,0,0,0,0,0,0,0,0,0,0,0,0,0,0,0,0,0,0,0,0,0,0,0,0,0,0,0,0,0,0,0,0,0,0,0,0,0,0,0,0,0,0,0,0,0
Cloeon_dipterum,"['k__Metazoa', 'p__Arthropoda', 'c__Insecta', 'o__Ephemeroptera', 'f__Baetidae', 'g__Cloeon', 's__Cloeon_dipterum']",0,0,0,0,0,0,0,0,0,0,0,0,0,0,0,0,0,0,0,0,0,0,0,0,0,0,0,0,0,0,0,0,0,0,0,0,0,0,0,0,0,0,0,0,0,0,0,0,0,0,0,0,0,0,0,0,0
Coccinellidae,"['k__Metazoa', 'p__Arthropoda', 'c__Insecta', 'o__Coleoptera', 'f__Coccinellidae']",0,0,0,0,0,0,0,0,0,0,0,0,0,0,0,0,0,0,0,0,0,0,0,0,0,0,0,0,0,0,0,0,0,0,0,0,0,0,0,0,0,0,0,0,0,0,0,0,0,0,0,0,0,0,0,0,0
Cochliopodium,"['k__unknown', 'p__unknown', 'c__unknown', 'o__Himatismenida', 'f__Cochliopodiidae', 'g__Cochliopodium']",0,0,0,0,0,5,0,0,0,0,0,0,0,0,0,0,0,0,0,0,0,0,0,0,0,0,0,0,0,0,0,0,0,0,0,0,0,0,0,0,0,0,0,0,0,0,5,0,0,0,0,0,0,0,0,0,0
Cochliopodium_actinophorum,"['k__unknown', 'p__unknown', 'c__unknown', 'o__Himatismenida', 'f__Cochliopodiidae', 'g__Cochliopodium', 's__Cochliopodium_actinophorum']",0,0,0,0,0,0,0,0,0,0,0,0,0,0,0,0,0,0,0,0,0,0,0,0,0,0,0,0,0,0,0,0,0,0,0,0,0,0,0,0,0,0,0,0,0,0,0,0,0,0,0,0,0,0,0,0,0
Cochliopodium_arabianum,"['k__unknown', 'p__unknown', 'c__unknown', 'o__Himatismenida', 'f__Cochliopodiidae', 'g__Cochliopodium', 's__Cochliopodium_arabianum']",0,0,0,0,0,0,0,0,0,0,0,0,0,0,0,0,0,0,0,0,0,0,0,0,0,0,0,0,0,0,0,0,0,0,0,0,0,0,0,0,0,0,0,0,0,0,0,0,0,0,0,0,0,0,0,0,0
Cochliopodium_kieliense,"['k__unknown', 'p__unknown', 'c__unknown', 'o__Himatismenida', 'f__Cochliopodiidae', 'g__Cochliopodium', 's__Cochliopodium_kieliense']",0,0,0,0,0,0,0,0,0,0,0,0,0,0,0,0,0,0,0,0,0,0,0,0,0,0,0,0,0,0,0,0,0,0,0,0,0,0,0,0,0,0,0,0,0,0,0,0,0,0,0,0,0,0,0,0,0
Cochliopodium_larifeili,"['k__unknown', 'p__unknown', 'c__unknown', 'o__Himatismenida', 'f__Cochliopodiidae', 'g__Cochliopodium', 's__Cochliopodium_larifeili']",0,0,0,0,0,0,0,0,0,0,0,0,0,0,0,0,0,0,0,0,0,0,0,0,0,0,0,0,0,0,0,0,0,0,0,0,0,0,0,0,0,0,0,0,0,0,0,0,0,0,0,0,0,0,0,0,0
Cochliopodium_sp._SG-2014,"['k__unknown', 'p__unknown', 'c__unknown', 'o__Himatismenida', 'f__Cochliopodiidae', 'g__Cochliopodium', 's__Cochliopodium_sp._SG-2014']",0,0,0,0,0,0,0,0,0,0,0,0,0,0,0,0,0,0,0,0,0,0,0,0,0,0,0,0,0,0,0,0,0,0,0,0,0,0,0,0,0,0,0,0,0,0,0,0,0,0,0,0,0,0,0,0,0
Coenagrion,"['k__Metazoa', 'p__Arthropoda', 'c__Insecta', 'o__Odonata', 'f__Coenagrionidae', 'g__Coenagrion']",0,0,0,0,0,0,0,0,0,0,0,0,0,0,0,0,0,0,0,0,0,0,0,0,0,0,0,0,0,0,0,0,0,0,0,0,0,0,0,0,0,0,0,0,0,0,0,0,0,0,0,0,0,0,0,0,0
Coenagrionidae,"['k__Metazoa', 'p__Arthropoda', 'c__Insecta', 'o__Odonata', 'f__Coenagrionidae']",0,0,0,0,0,0,0,0,0,0,0,0,0,0,0,0,0,0,0,0,0,0,0,0,0,0,0,0,0,0,0,0,0,0,0,0,0,0,0,0,0,0,0,0,0,0,0,0,0,0,0,0,0,0,0,0,0
Colletotrichum,"['k__Fungi', 'p__Ascomycota', 'c__Sordariomycetes', 'o__Glomerellales', 'f__Glomerellaceae', 'g__Colletotrichum']",0,0,0,0,0,10,0,0,8,0,0,0,0,0,105,0,0,0,0,0,0,0,0,6,0,0,0,0,0,0,0,0,0,0,0,0,0,0,0,0,0,0,0,0,0,0,0,0,0,0,0,0,0,0,0,0,0
Colotois_pennaria,"['k__Metazoa', 'p__Arthropoda', 'c__Insecta', 'o__Lepidoptera', 'f__Geometridae', 'g__Colotois', 's__Colotois_pennaria']",0,0,0,0,0,0,0,0,0,0,0,0,0,0,0,0,0,0,0,0,0,0,0,0,0,0,0,0,0,0,0,0,0,0,0,0,0,0,0,0,0,0,0,0,0,0,0,0,0,0,0,0,0,0,0,0,0
Columba,"['k__Metazoa', 'p__Chordata', 'c__Aves', 'o__Columbiformes', 'f__Columbidae', 'g__Columba']",0,0,0,0,0,0,0,0,0,0,0,0,0,0,0,0,0,0,0,0,0,0,0,0,0,0,0,0,0,0,0,0,0,0,0,0,0,0,0,0,0,0,0,0,0,0,0,0,0,0,0,0,0,0,0,0,0
Coquillettidia_richiardii,"['k__Metazoa', 'p__Arthropoda', 'c__Insecta', 'o__Diptera', 'f__Culicidae', 'g__Coquillettidia', 's__Coquillettidia_richiardii']",0,0,0,0,0,0,0,0,0,0,0,0,0,0,0,0,0,0,0,0,0,0,0,0,0,0,0,0,0,0,0,0,0,0,0,0,0,0,0,0,0,0,0,0,0,0,0,0,0,0,0,0,0,0,0,0,0
Cordycipitaceae,"['k__Fungi', 'p__Ascomycota', 'c__Sordariomycetes', 'o__Hypocreales', 'f__Cordycipitaceae']",0,0,0,0,0,0,0,0,0,0,0,0,0,0,0,0,0,0,0,0,0,0,0,0,0,0,0,0,0,0,0,0,0,0,0,0,0,0,0,0,0,0,0,0,0,0,0,0,0,0,0,0,0,0,0,0,0
Crangonyx_floridanus,"['k__Metazoa', 'p__Arthropoda', 'c__Malacostraca', 'o__Amphipoda', 'f__Crangonyctidae', 'g__Crangonyx', 's__Crangonyx_floridanus']",0,0,0,0,0,0,0,0,0,0,0,0,0,0,0,0,0,0,0,0,0,0,0,0,0,0,0,0,0,0,0,0,0,0,0,0,0,0,0,0,0,0,0,0,0,0,0,0,0,0,0,0,0,0,0,0,0
Craspedacusta_sowerbyi,"['k__Metazoa', 'p__Cnidaria', 'c__Hydrozoa', 'o__Limnomedusae', 'f__Olindiidae', 'g__Craspedacusta', 's__Craspedacusta_sowerbyi']",0,0,0,0,13,22,7,0,9,0,0,0,0,0,22,13,0,0,0,0,6,6,0,6,0,0,8,11,0,0,13,0,0,21,0,9,12,0,14,8,6,16,0,0,6,0,10,0,0,8,8,7,9,6,12,19,0
Crassa_unitella,"['k__Metazoa', 'p__Arthropoda', 'c__Insecta', 'o__Lepidoptera', 'f__Oecophoridae', 'g__Crassa', 's__Crassa_unitella']",0,0,0,0,0,0,0,0,0,0,0,0,0,0,0,0,0,0,0,0,0,0,0,0,0,0,0,0,0,0,0,0,0,0,0,0,0,0,0,0,0,0,0,0,0,0,0,0,0,0,0,0,0,0,0,0,0
Cricotopus,"['k__Metazoa', 'p__Arthropoda', 'c__Insecta', 'o__Diptera', 'f__Chironomidae', 'g__Cricotopus']",0,0,0,0,0,0,0,0,0,0,0,0,0,0,0,0,0,0,0,0,0,0,0,0,0,0,0,0,0,0,0,0,0,6,0,0,0,0,0,0,0,0,0,0,0,0,0,0,0,0,0,0,0,0,0,0,0
Cricotopus_bicinctus,"['k__Metazoa', 'p__Arthropoda', 'c__Insecta', 'o__Diptera', 'f__Chironomidae', 'g__Cricotopus', 's__Cricotopus_bicinctus']",0,0,0,10,8,111,0,26,75,8,0,0,0,0,224,0,0,0,0,0,0,0,0,0,0,0,87,0,0,6,7,0,0,5,0,0,0,0,0,0,0,0,0,0,0,0,11,105,0,0,0,6,211,0,52,44,0
Cristatella_mucedo,"['k__Metazoa', 'p__Bryozoa', 'c__Phylactolaemata', 'o__unknown', 'f__Cristatellidae', 'g__Cristatella', 's__Cristatella_mucedo']",0,0,0,0,0,0,0,0,0,0,0,0,0,0,0,0,0,0,0,0,0,0,0,0,0,0,0,0,0,0,0,0,0,0,0,0,0,0,0,0,0,0,0,0,0,0,0,0,0,0,0,0,0,0,0,0,0
Cryptomonas_curvata,"['k__unknown', 'p__unknown', 'c__Cryptophyta', 'o__Cryptomonadales', 'f__Cryptomonadaceae', 'g__Cryptomonas', 's__Cryptomonas_curvata']",0,0,0,0,0,0,0,0,0,0,0,0,0,0,0,0,0,0,0,0,0,0,0,0,0,0,0,0,0,0,0,0,0,0,0,0,0,0,0,0,0,0,0,0,0,0,0,0,0,0,0,0,0,0,0,0,0
Culicoides_alazanicus,"['k__Metazoa', 'p__Arthropoda', 'c__Insecta', 'o__Diptera', 'f__Ceratopogonidae', 'g__Culicoides', 's__Culicoides_alazanicus']",0,0,0,0,0,0,0,0,0,0,0,0,0,0,0,0,0,0,0,0,0,0,0,0,0,0,0,0,0,0,0,0,0,0,0,0,0,0,0,0,0,0,0,0,0,0,0,0,0,0,0,0,0,0,0,0,0
Cyclopidae,"['k__Metazoa', 'p__Arthropoda', 'c__Maxillopoda', 'o__Cyclopoida', 'f__Cyclopidae']",0,0,0,0,0,0,0,0,0,0,0,0,0,0,0,0,0,0,0,0,0,0,0,0,0,0,0,0,0,0,0,0,0,0,0,0,0,0,0,0,0,0,0,0,0,0,0,0,0,0,0,0,0,0,0,0,0
Cyclopidae_sp._BOLD:AAG9780,"['k__Metazoa', 'p__Arthropoda', 'c__Maxillopoda', 'o__Cyclopoida', 'f__Cyclopidae', 'g__unknown', 's__Cyclopidae_sp._BOLD:AAG9780']",0,0,0,0,0,0,0,0,0,0,0,0,0,0,0,0,0,0,0,0,0,0,0,0,0,0,0,0,0,0,0,0,0,0,0,0,0,0,0,0,0,0,0,0,0,0,0,0,0,0,0,0,0,0,0,0,0
Cyclopoida,"['k__Metazoa', 'p__Arthropoda', 'c__Maxillopoda', 'o__Cyclopoida']",0,0,0,0,0,0,0,0,0,0,0,0,0,0,0,0,0,0,0,0,0,0,0,0,0,0,0,0,0,0,0,0,0,0,0,0,0,0,0,0,0,0,0,0,0,0,0,0,0,0,0,0,0,0,0,0,0
Cyclops_abyssorum,"['k__Metazoa', 'p__Arthropoda', 'c__Maxillopoda', 'o__Cyclopoida', 'f__Cyclopidae', 'g__Cyclops', 's__Cyclops_abyssorum']",0,0,0,0,0,0,0,0,0,0,0,0,0,0,0,0,0,0,0,0,0,0,0,0,0,0,0,0,0,0,0,0,0,0,0,0,0,0,0,0,0,0,0,0,0,0,0,0,0,0,0,0,0,0,0,0,0
Cyclops_strenuus,"['k__Metazoa', 'p__Arthropoda', 'c__Maxillopoda', 'o__Cyclopoida', 'f__Cyclopidae', 'g__Cyclops', 's__Cyclops_strenuus']",0,0,0,0,0,0,0,0,0,0,0,0,0,0,0,0,0,0,0,0,0,0,0,0,0,0,0,0,0,0,0,0,0,0,0,0,0,0,0,0,0,0,0,0,0,0,0,0,0,0,0,0,0,0,0,0,0
Cylindrodendrum_hubeiense,"['k__Fungi', 'p__Ascomycota', 'c__Sordariomycetes', 'o__Hypocreales', 'f__Nectriaceae', 'g__Cylindrodendrum', 's__Cylindrodendrum_hubeiense']",0,0,0,0,0,0,0,0,0,0,0,0,0,0,0,0,0,0,0,0,0,0,0,0,0,0,0,0,0,0,0,0,0,0,0,0,0,0,0,0,0,0,0,0,0,0,0,0,0,0,0,0,0,0,0,0,0
Daphnia,"['k__Metazoa', 'p__Arthropoda', 'c__Branchiopoda', 'o__Diplostraca', 'f__Daphniidae', 'g__Daphnia']",0,0,0,0,0,0,0,0,0,0,0,0,0,0,0,0,0,0,0,0,0,0,0,0,0,0,0,0,0,0,0,0,0,0,0,0,0,0,0,0,0,0,0,0,0,0,0,0,0,0,0,0,0,0,0,0,0
Daphnia_sp._BOLD:ACW5340,"['k__Metazoa', 'p__Arthropoda', 'c__Branchiopoda', 'o__Diplostraca', 'f__Daphniidae', 'g__Daphnia', 's__Daphnia_sp._BOLD:ACW5340']",0,0,0,0,0,0,0,0,0,0,0,0,0,0,0,0,0,0,0,0,0,0,0,0,0,0,0,0,0,0,0,0,0,0,0,0,0,0,0,0,0,0,0,0,0,0,0,0,0,0,0,0,0,0,0,0,0
Dasybranchus_sp._DH1,"['k__Metazoa', 'p__Annelida', 'c__Polychaeta', 'o__Capitellida', 'f__Capitellidae', 'g__Dasybranchus', 's__Dasybranchus_sp._DH1']",0,0,0,0,0,19,0,0,0,0,0,0,0,0,0,0,0,0,0,0,0,0,0,0,0,0,0,0,0,0,0,0,0,0,0,0,0,0,0,0,0,0,0,0,0,0,0,0,0,0,0,0,0,0,0,0,0
Dendrobaena,"['k__Metazoa', 'p__Annelida', 'c__Clitellata', 'o__Haplotaxida', 'f__Lumbricidae', 'g__Dendrobaena']",0,0,0,0,0,0,0,0,0,0,0,0,0,0,0,0,0,0,0,0,0,0,0,0,0,0,0,0,0,0,0,0,0,0,0,0,0,0,0,0,0,0,0,0,0,0,0,0,0,0,0,0,0,0,0,0,0
Dero,"['k__Metazoa', 'p__Annelida', 'c__Clitellata', 'o__Haplotaxida', 'f__Tubificidae', 'g__Dero']",0,0,0,0,0,0,0,0,0,0,0,0,0,0,0,0,0,0,0,0,0,0,0,0,0,0,0,0,0,0,0,0,0,0,0,0,0,0,0,0,0,0,0,0,0,0,0,0,0,0,0,0,0,0,0,0,0
Dicrotendipes_nervosus,"['k__Metazoa', 'p__Arthropoda', 'c__Insecta', 'o__Diptera', 'f__Chironomidae', 'g__Dicrotendipes', 's__Dicrotendipes_nervosus']",0,0,0,0,0,0,0,0,0,0,0,0,0,0,0,0,0,0,0,0,0,0,0,0,0,0,0,0,0,0,0,0,0,0,0,0,0,0,0,0,0,0,0,0,0,0,0,0,0,0,0,0,0,0,0,0,0
Didymella_pinodes,"['k__Fungi', 'p__Ascomycota', 'c__Dothideomycetes', 'o__Pleosporales', 'f__Didymellaceae', 'g__Didymella', 's__Didymella_pinodes']",0,0,0,0,0,12,0,0,11,0,0,0,0,0,0,0,0,0,0,0,0,0,0,0,0,0,0,0,0,0,0,0,0,0,0,0,0,0,0,0,0,0,0,0,0,0,0,0,0,0,0,0,0,0,0,0,0
Dinobryon,"['k__unknown', 'p__unknown', 'c__Chrysophyceae', 'o__Chromulinales', 'f__Dinobryaceae', 'g__Dinobryon']",0,0,0,0,0,0,0,0,0,0,0,0,0,0,0,0,0,0,0,0,0,0,0,0,0,0,0,0,0,0,0,0,0,0,0,0,0,0,0,0,0,0,0,0,0,0,0,0,0,0,0,0,0,0,0,0,0
Dinophyceae,"['k__unknown', 'p__unknown', 'c__Dinophyceae']",0,0,0,0,11,21,8,0,16,0,0,0,0,0,21,12,0,0,6,0,7,0,6,6,25,0,5,0,0,0,0,5,0,0,0,0,0,0,0,6,0,10,0,0,8,0,0,5,0,0,0,5,15,0,0,11,0
Diptera,"['k__Metazoa', 'p__Arthropoda', 'c__Insecta', 'o__Diptera']",0,0,0,0,0,6,0,0,0,0,0,0,0,0,0,0,0,0,0,0,0,0,0,0,0,0,0,0,0,0,0,0,0,0,0,0,0,0,0,0,0,0,0,0,0,0,0,0,0,0,0,0,0,0,0,0,0
Dreissena_polymorpha,"['k__Metazoa', 'p__Mollusca', 'c__Bivalvia', 'o__Veneroida', 'f__Dreissenidae', 'g__Dreissena', 's__Dreissena_polymorpha']",0,0,0,0,0,0,0,0,0,0,0,0,0,0,0,0,0,0,0,0,0,0,0,0,0,0,0,0,0,0,0,0,0,0,0,0,0,0,0,0,0,0,0,0,0,0,0,0,0,0,0,0,0,0,0,0,0
Dreissena_rostriformis,"['k__Metazoa', 'p__Mollusca', 'c__Bivalvia', 'o__Veneroida', 'f__Dreissenidae', 'g__Dreissena', 's__Dreissena_rostriformis']",0,0,0,0,2798,1194,8,646,689,0,478,320,0,663,2116,43,552,397,26,370,1237,0,879,625,0,601,641,25,932,378,0,601,504,0,320,754,0,478,681,0,627,1024,0,359,1169,0,1035,1134,0,946,1007,0,1637,627,0,1345,70
Eiseniella_tetraedra,"['k__Metazoa', 'p__Annelida', 'c__Clitellata', 'o__Haplotaxida', 'f__Lumbricidae', 'g__Eiseniella', 's__Eiseniella_tetraedra']",0,0,0,0,0,0,0,0,0,0,0,0,0,0,0,0,0,0,0,0,0,0,0,0,0,0,0,0,0,0,0,0,0,0,0,0,0,0,0,0,0,0,0,0,0,0,0,0,0,0,0,0,0,0,0,0,0
Elmis,"['k__Metazoa', 'p__Arthropoda', 'c__Insecta', 'o__Coleoptera', 'f__Elmidae', 'g__Elmis']",0,0,0,0,0,0,0,0,0,0,0,0,0,0,0,0,0,0,0,0,0,0,0,0,0,0,0,0,0,0,0,0,0,0,0,0,0,0,0,0,0,0,0,0,0,0,0,0,0,0,0,0,0,0,0,0,0
Endochironomus_albipennis,"['k__Metazoa', 'p__Arthropoda', 'c__Insecta', 'o__Diptera', 'f__Chironomidae', 'g__Endochironomus', 's__Endochironomus_albipennis']",0,0,0,0,0,0,0,0,0,0,0,0,0,0,0,0,0,0,0,0,0,0,0,0,0,0,0,0,0,0,0,0,0,0,0,0,0,0,0,0,0,0,0,0,0,0,0,0,0,0,0,0,0,0,0,0,0
Entomobryidae,"['k__Metazoa', 'p__Arthropoda', 'c__Collembola', 'o__unknown', 'f__Entomobryidae']",0,0,0,0,0,0,0,0,0,0,0,0,0,0,0,7,0,0,0,0,0,0,0,0,0,0,0,0,0,0,0,0,0,0,0,0,0,0,0,0,0,0,0,0,0,0,0,0,0,0,0,0,0,0,0,0,0
Ephemera_danica,"['k__Metazoa', 'p__Arthropoda', 'c__Insecta', 'o__Ephemeroptera', 'f__Ephemeridae', 'g__Ephemera', 's__Ephemera_danica']",0,0,0,0,0,0,0,0,0,0,0,0,0,0,0,0,0,0,0,0,0,0,0,0,0,0,0,0,0,0,0,0,0,0,0,0,0,0,0,0,0,0,0,0,0,0,0,0,0,5,0,0,0,0,0,0,0
Ephydridae,"['k__Metazoa', 'p__Arthropoda', 'c__Insecta', 'o__Diptera', 'f__Ephydridae']",0,0,0,0,0,0,0,0,0,0,0,0,0,0,0,0,0,0,0,0,0,0,0,0,0,0,0,0,0,0,0,0,0,0,0,0,0,0,0,0,0,0,0,0,0,0,0,0,0,0,0,0,0,0,0,0,0
Epiphanidae_sp._SHQC140809,"['k__Metazoa', 'p__Rotifera', 'c__Monogononta', 'o__Ploima', 'f__Epiphanidae', 'g__unknown', 's__Epiphanidae_sp._SHQC140809']",0,0,0,0,0,0,0,0,0,0,0,0,0,0,0,0,0,0,0,0,0,0,0,0,0,50,0,0,0,0,0,0,0,0,0,0,0,0,0,0,0,0,0,0,0,0,0,0,0,0,0,0,0,0,0,0,0
Epirrita_dilutata,"['k__Metazoa', 'p__Arthropoda', 'c__Insecta', 'o__Lepidoptera', 'f__Geometridae', 'g__Epirrita', 's__Epirrita_dilutata']",0,0,0,0,0,0,0,0,0,0,0,0,0,0,0,0,0,0,0,0,0,0,0,0,0,0,0,0,0,0,0,0,0,0,0,0,0,0,0,0,0,0,0,0,0,0,0,0,0,0,0,0,0,0,0,0,0
Eristalis,"['k__Metazoa', 'p__Arthropoda', 'c__Insecta', 'o__Diptera', 'f__Syrphidae', 'g__Eristalis']",0,0,0,0,0,0,0,0,0,0,0,0,0,0,0,0,0,0,0,0,0,5,0,0,0,0,0,0,0,0,0,0,0,0,0,0,0,0,0,0,0,0,0,0,0,0,0,0,0,0,0,0,0,0,0,0,0
Eucyclops,"['k__Metazoa', 'p__Arthropoda', 'c__Maxillopoda', 'o__Cyclopoida', 'f__Cyclopidae', 'g__Eucyclops']",0,0,0,0,0,0,0,0,0,0,0,0,0,0,0,0,0,0,0,0,0,0,0,0,0,0,0,0,0,0,0,0,0,0,0,0,0,0,0,0,0,0,0,0,0,0,0,0,0,0,0,0,0,0,0,0,0
Eucyclops_macrurus,"['k__Metazoa', 'p__Arthropoda', 'c__Maxillopoda', 'o__Cyclopoida', 'f__Cyclopidae', 'g__Eucyclops', 's__Eucyclops_macrurus']",0,0,0,0,0,0,0,0,0,0,0,0,0,0,0,0,0,0,0,0,0,0,0,0,0,0,0,0,0,0,0,0,0,0,0,0,0,0,0,0,0,0,0,0,0,0,0,0,0,0,0,0,0,0,0,0,0
Eudiaptomus_gracilis,"['k__Metazoa', 'p__Arthropoda', 'c__Maxillopoda', 'o__Calanoida', 'f__Diaptomidae', 'g__Eudiaptomus', 's__Eudiaptomus_gracilis']",0,0,0,0,0,0,0,0,0,0,0,0,0,0,0,0,0,0,0,0,0,0,0,0,0,0,0,0,0,0,0,0,0,0,0,0,0,0,0,0,0,0,0,0,0,0,0,0,0,0,0,0,0,0,0,0,0
Eukiefferiella,"['k__Metazoa', 'p__Arthropoda', 'c__Insecta', 'o__Diptera', 'f__Chironomidae', 'g__Eukiefferiella']",0,0,0,0,14,0,0,0,0,0,0,0,0,0,0,0,0,0,0,0,0,0,0,9,5,0,0,6,5,0,7,0,0,5,0,0,0,0,5,0,5,0,0,6,0,0,5,0,0,0,7,0,6,5,0,0,0
Eunotia_sp._EUN392T,"['k__unknown', 'p__Bacillariophyta', 'c__Bacillariophyceae', 'o__Eunotiales', 'f__Eunotiaceae', 'g__Eunotia', 's__Eunotia_sp._EUN392T']",0,0,0,0,0,0,0,0,0,0,0,0,0,0,0,0,0,0,0,0,0,0,0,0,0,0,0,0,0,0,0,0,0,0,0,0,0,0,0,0,0,0,0,0,0,0,0,0,0,0,0,0,0,0,0,0,0
Fluviicola_taffensis,"['k__unknown', 'p__Bacteroidetes', 'c__Flavobacteriia', 'o__Flavobacteriales', 'f__Crocinitomicaceae', 'g__Fluviicola', 's__Fluviicola_taffensis']",0,0,0,0,0,0,0,0,0,0,0,0,0,0,0,0,0,0,0,0,0,0,0,0,0,0,0,0,0,0,0,0,0,0,0,0,0,0,0,0,0,0,0,0,0,0,0,0,0,0,0,0,0,0,0,0,0
Frustulia_vulgaris,"['k__unknown', 'p__Bacillariophyta', 'c__Bacillariophyceae', 'o__Naviculales', 'f__Amphipleuraceae', 'g__Frustulia', 's__Frustulia_vulgaris']",0,0,0,0,0,0,0,0,0,0,0,0,0,0,0,0,0,0,0,0,0,0,0,0,0,0,0,0,0,0,0,0,0,0,0,0,0,0,0,0,0,0,0,0,0,0,0,0,0,0,0,0,0,0,0,0,0
Fusarium,"['k__Fungi', 'p__Ascomycota', 'c__Sordariomycetes', 'o__Hypocreales', 'f__Nectriaceae', 'g__Fusarium']",0,0,0,0,0,0,0,0,0,0,0,5,0,0,0,0,0,0,0,0,0,0,0,5,0,0,0,0,0,0,0,0,0,0,0,0,0,0,0,0,0,0,0,0,0,0,0,0,0,0,0,0,9,0,0,0,0
Fusarium_solani,"['k__Fungi', 'p__Ascomycota', 'c__Sordariomycetes', 'o__Hypocreales', 'f__Nectriaceae', 'g__Fusarium', 's__Fusarium_solani']",0,0,0,0,0,0,0,0,0,0,0,0,0,0,0,0,0,0,0,0,0,0,0,0,0,0,0,0,0,0,0,0,0,0,0,0,0,0,0,0,0,0,0,0,0,0,0,0,0,0,0,0,0,0,0,0,0
Gammarus_pulex,"['k__Metazoa', 'p__Arthropoda', 'c__Malacostraca', 'o__Amphipoda', 'f__Gammaridae', 'g__Gammarus', 's__Gammarus_pulex']",0,0,0,0,0,0,0,0,0,0,0,0,0,0,0,0,0,0,0,0,0,0,0,0,0,0,0,0,0,0,0,0,0,0,0,0,0,0,0,0,0,0,0,0,0,0,0,0,0,0,0,0,0,0,0,0,0
Gasterosteus,"['k__Metazoa', 'p__Chordata', 'c__Actinopteri', 'o__Perciformes', 'f__Gasterosteidae', 'g__Gasterosteus']",0,0,0,0,0,0,0,0,0,0,0,0,0,0,0,0,0,0,0,0,0,0,0,0,0,0,0,0,0,0,0,0,0,0,0,0,0,0,0,0,0,0,0,0,0,0,0,0,0,0,0,0,0,0,0,0,0
Gerris,"['k__Metazoa', 'p__Arthropoda', 'c__Insecta', 'o__Hemiptera', 'f__Gerridae', 'g__Gerris']",0,0,0,0,0,0,0,0,0,0,0,0,0,0,0,0,0,0,0,0,0,0,0,0,0,0,0,0,0,0,0,0,0,0,0,0,0,0,0,0,0,0,0,0,0,0,0,0,0,0,0,0,0,0,0,0,0
Glossiphonia_complanata,"['k__Metazoa', 'p__Annelida', 'c__Clitellata', 'o__Rhynchobdellida', 'f__Glossiphoniidae', 'g__Glossiphonia', 's__Glossiphonia_complanata']",0,0,0,0,0,0,0,0,0,0,0,0,0,0,0,0,0,0,0,0,0,0,0,0,0,0,0,0,0,0,0,0,0,0,0,0,0,0,0,0,0,0,0,0,0,0,0,0,0,0,0,0,0,0,0,0,0
Glyphotaelius_pellucidus,"['k__Metazoa', 'p__Arthropoda', 'c__Insecta', 'o__Trichoptera', 'f__Limnephilidae', 'g__Glyphotaelius', 's__Glyphotaelius_pellucidus']",0,0,0,0,0,0,0,0,0,0,0,0,0,0,0,0,0,0,0,0,0,0,0,0,0,0,0,0,0,0,0,0,0,0,0,0,0,0,0,0,0,0,0,0,0,0,0,0,0,0,0,0,0,0,0,0,0
Gobio,"['k__Metazoa', 'p__Chordata', 'c__Actinopteri', 'o__Cypriniformes', 'f__Cyprinidae', 'g__Gobio']",0,0,0,0,0,0,0,0,0,0,0,0,0,0,0,0,0,0,0,0,0,0,0,0,0,0,0,0,0,0,0,0,0,0,0,0,0,0,0,0,0,0,0,0,0,0,0,0,0,0,0,0,0,0,0,0,0
Goera_pilosa,"['k__Metazoa', 'p__Arthropoda', 'c__Insecta', 'o__Trichoptera', 'f__Goeridae', 'g__Goera', 's__Goera_pilosa']",0,0,0,0,0,0,0,0,0,0,0,0,0,0,0,0,0,0,0,0,0,0,0,0,0,0,0,0,0,0,0,0,0,0,0,0,0,0,0,0,0,0,0,0,0,0,0,0,0,0,0,0,0,0,0,0,0
Gomphonema_parvulum,"['k__unknown', 'p__Bacillariophyta', 'c__Bacillariophyceae', 'o__Cymbellales', 'f__Gomphonemataceae', 'g__Gomphonema', 's__Gomphonema_parvulum']",0,0,0,0,8,0,0,0,0,0,0,0,0,0,0,0,0,0,0,0,0,0,0,0,0,0,0,0,0,0,0,0,0,0,0,0,0,0,0,0,0,0,0,0,0,0,9,0,0,0,0,0,0,0,0,5,0
Gymnocephalus,"['k__Metazoa', 'p__Chordata', 'c__Actinopteri', 'o__Perciformes', 'f__Percidae', 'g__Gymnocephalus']",0,0,0,0,0,0,0,0,0,0,0,0,0,0,0,0,0,0,0,0,0,0,0,0,0,0,0,0,0,0,0,0,0,0,0,0,0,0,0,0,0,0,0,0,0,0,0,0,0,0,0,0,0,0,0,0,0
Gymnocephalus_cernua,"['k__Metazoa', 'p__Chordata', 'c__Actinopteri', 'o__Perciformes', 'f__Percidae', 'g__Gymnocephalus', 's__Gymnocephalus_cernua']",0,0,0,0,0,0,0,0,0,0,0,0,0,0,0,0,0,0,0,0,0,0,0,0,0,0,0,0,0,0,0,0,0,0,0,0,0,0,0,0,0,0,0,0,0,0,0,0,0,0,0,0,0,0,0,0,0
Halesus,"['k__Metazoa', 'p__Arthropoda', 'c__Insecta', 'o__Trichoptera', 'f__Limnephilidae', 'g__Halesus']",0,0,0,0,0,0,0,0,0,0,0,0,0,0,0,0,0,0,0,0,0,0,0,0,0,0,0,0,0,0,0,0,0,0,0,0,0,0,0,0,0,0,0,0,0,0,0,0,0,0,0,0,0,0,0,0,0
Helobdella_stagnalis,"['k__Metazoa', 'p__Annelida', 'c__Clitellata', 'o__Rhynchobdellida', 'f__Glossiphoniidae', 'g__Helobdella', 's__Helobdella_stagnalis']",0,0,0,0,0,0,0,0,0,0,0,0,0,0,0,0,0,0,0,0,0,0,0,0,0,0,0,0,0,0,0,0,0,0,0,0,0,0,0,0,0,0,0,0,0,0,0,0,0,0,0,0,0,0,0,0,0
Heterolepidoderma_macrops,"['k__Metazoa', 'p__Gastrotricha', 'c__unknown', 'o__Chaetonotida', 'f__Chaetonotidae', 'g__Heterolepidoderma', 's__Heterolepidoderma_macrops']",0,0,0,0,0,0,0,0,0,0,0,0,0,0,0,0,0,0,0,0,0,0,0,0,0,0,0,0,0,0,0,0,0,0,0,0,0,0,0,0,0,0,0,0,0,0,0,0,0,0,0,0,0,0,0,0,0
Homo_sapiens,"['k__Metazoa', 'p__Chordata', 'c__Mammalia', 'o__Primates', 'f__Hominidae', 'g__Homo', 's__Homo_sapiens']",0,0,0,0,0,0,0,0,0,0,0,0,0,0,0,0,0,0,0,0,0,0,0,0,0,0,0,0,0,0,0,0,0,0,0,0,0,0,0,0,0,0,0,0,0,0,0,0,0,0,0,0,0,0,0,0,0
Hydra,"['k__Metazoa', 'p__Cnidaria', 'c__Hydrozoa', 'o__Anthoathecata', 'f__Hydridae', 'g__Hydra']",0,0,0,0,0,0,0,0,0,0,0,0,0,0,0,0,0,0,0,0,0,0,0,0,0,0,0,0,0,0,0,0,0,0,0,0,0,0,0,0,0,0,0,0,0,0,0,0,0,0,0,0,0,0,0,0,0
Hydra_oligactis,"['k__Metazoa', 'p__Cnidaria', 'c__Hydrozoa', 'o__Anthoathecata', 'f__Hydridae', 'g__Hydra', 's__Hydra_oligactis']",0,0,0,15,58,30,5,0,19,0,6,0,0,0,112,5,14,0,0,0,13,0,8,22,14,0,12,20,6,12,21,0,13,18,0,13,0,0,11,6,8,145,8,9,29,0,43,12,12,31,14,10,47,19,0,57,0
Hydra_viridissima,"['k__Metazoa', 'p__Cnidaria', 'c__Hydrozoa', 'o__Anthoathecata', 'f__Hydridae', 'g__Hydra', 's__Hydra_viridissima']",0,0,0,0,0,0,0,0,0,0,0,0,0,0,0,0,0,0,0,0,0,0,0,0,0,0,0,0,0,0,0,0,0,0,0,0,0,0,0,0,0,0,0,0,0,0,0,0,0,0,0,0,0,0,0,0,0
Hydrellia,"['k__Metazoa', 'p__Arthropoda', 'c__Insecta', 'o__Diptera', 'f__Ephydridae', 'g__Hydrellia']",0,0,0,0,0,0,0,0,0,0,0,0,0,0,0,0,0,0,0,0,0,0,0,0,0,0,0,0,0,0,0,0,0,0,0,0,0,0,0,0,0,0,0,0,0,0,0,0,0,0,0,0,0,0,0,0,0
Hydrellia_griseola,"['k__Metazoa', 'p__Arthropoda', 'c__Insecta', 'o__Diptera', 'f__Ephydridae', 'g__Hydrellia', 's__Hydrellia_griseola']",0,0,0,0,0,0,0,0,0,0,0,0,0,0,0,0,0,0,0,0,0,0,0,0,0,0,0,0,0,0,0,0,0,0,0,0,0,0,0,0,0,0,0,0,0,0,0,0,0,0,0,0,0,0,0,0,0
Hydropsyche,"['k__Metazoa', 'p__Arthropoda', 'c__Insecta', 'o__Trichoptera', 'f__Hydropsychidae', 'g__Hydropsyche']",0,0,0,0,0,0,0,0,0,0,0,0,0,0,0,0,0,0,0,0,0,0,0,0,0,0,0,0,0,0,0,0,0,0,0,0,0,0,0,0,0,0,0,0,0,0,0,0,0,0,0,0,0,0,0,0,0
Hygrobates_nigromaculatus,"['k__Metazoa', 'p__Arthropoda', 'c__Arachnida', 'o__unknown', 'f__Hygrobatidae', 'g__Hygrobates', 's__Hygrobates_nigromaculatus']",0,0,0,0,0,0,0,0,0,0,0,0,0,0,0,0,0,0,0,0,0,0,0,0,0,0,0,0,0,0,0,0,0,0,0,0,0,0,0,0,0,0,0,0,0,0,0,0,0,0,0,0,0,0,0,0,0
Hymenoptera,"['k__Metazoa', 'p__Arthropoda', 'c__Insecta', 'o__Hymenoptera']",50563,0,0,0,0,0,0,0,0,0,0,0,0,0,0,0,0,0,0,0,0,0,0,0,0,0,0,0,0,0,0,0,0,0,0,0,0,0,0,0,0,0,0,0,0,0,0,0,0,0,0,0,0,0,0,0,0
Hymenoptera_sp._CNWLN870-13,"['k__Metazoa', 'p__Arthropoda', 'c__Insecta', 'o__Hymenoptera', 'f__unknown', 'g__unknown', 's__Hymenoptera_sp._CNWLN870-13']",0,0,0,0,0,5,0,0,0,0,0,0,0,0,0,0,0,0,0,0,0,0,0,0,0,0,0,0,0,0,0,0,0,0,0,0,0,0,0,0,0,0,0,0,0,0,0,0,0,0,0,0,0,0,0,0,0
Hypocreales,"['k__Fungi', 'p__Ascomycota', 'c__Sordariomycetes', 'o__Hypocreales']",0,0,0,0,0,14,0,0,0,0,0,0,0,0,0,0,0,0,0,0,0,0,0,0,0,0,0,0,0,0,0,0,0,0,0,0,0,0,0,0,0,0,0,0,0,0,0,0,0,0,0,0,9,0,0,0,0
Ilyonectria_destructans,"['k__Fungi', 'p__Ascomycota', 'c__Sordariomycetes', 'o__Hypocreales', 'f__Nectriaceae', 'g__Ilyonectria', 's__Ilyonectria_destructans']",0,0,0,0,0,0,0,0,0,0,0,0,0,0,0,0,0,0,0,0,0,0,0,0,0,0,0,0,0,0,0,0,0,0,0,0,0,0,0,0,0,0,0,0,0,0,0,0,0,0,0,0,0,0,0,0,0
Insecta,"['k__Metazoa', 'p__Arthropoda', 'c__Insecta']",0,0,0,0,0,0,0,0,0,0,0,0,0,0,0,0,0,0,0,0,0,0,0,0,0,0,0,0,0,0,0,0,0,0,0,0,0,0,0,0,0,0,0,0,0,0,0,0,0,0,0,0,0,0,0,0,0
invertebrate_environmental_sample,"['k__Metazoa', 'p__unknown', 'c__unknown', 'o__unknown', 'f__unknown', 'g__unknown', 's__invertebrate_environmental_sample']",0,0,0,237,750,355,198,195,277,476,129,112,0,163,771,401,151,151,342,212,327,148,278,227,302,123,203,327,379,210,164,252,193,397,170,232,448,126,110,194,100,210,142,134,373,197,293,400,208,172,269,156,545,172,230,253,7
Isopoda,"['k__Metazoa', 'p__Arthropoda', 'c__Malacostraca', 'o__Isopoda']",0,0,0,0,0,0,0,0,0,0,0,0,0,0,0,0,0,0,0,0,0,0,0,0,0,0,0,0,0,0,0,0,0,0,0,0,0,0,0,0,0,0,0,0,0,0,0,0,0,0,0,0,0,0,0,0,0
Keratella_cochlearis,"['k__Metazoa', 'p__Rotifera', 'c__Monogononta', 'o__Ploima', 'f__Brachionidae', 'g__Keratella', 's__Keratella_cochlearis']",0,0,0,0,32,35,9,8,16,13,0,10,0,0,17,44,0,5,15,0,15,0,17,7,8,5,21,14,0,0,9,0,8,0,0,16,14,0,16,10,0,35,0,0,7,0,0,0,6,0,0,0,53,0,19,19,0
Keratella_quadrata,"['k__Metazoa', 'p__Rotifera', 'c__Monogononta', 'o__Ploima', 'f__Brachionidae', 'g__Keratella', 's__Keratella_quadrata']",0,0,0,0,0,0,0,0,0,0,0,0,0,0,0,0,0,0,0,0,0,0,0,0,0,0,0,0,0,0,0,0,0,0,0,0,0,0,0,0,0,0,0,0,0,0,0,0,0,0,0,0,0,0,0,0,0
Lasius_brunneus,"['k__Metazoa', 'p__Arthropoda', 'c__Insecta', 'o__Hymenoptera', 'f__Formicidae', 'g__Lasius', 's__Lasius_brunneus']",0,0,0,0,0,7,0,0,0,0,0,0,0,0,0,0,0,0,0,0,0,0,0,0,0,0,0,0,0,0,0,0,0,0,0,0,0,0,0,0,0,0,0,0,0,0,0,0,0,0,0,0,0,0,0,0,0
Lebertia_sp._JA-2011,"['k__Metazoa', 'p__Arthropoda', 'c__Arachnida', 'o__unknown', 'f__Lebertiidae', 'g__Lebertia', 's__Lebertia_sp._JA-2011']",0,0,0,0,0,0,0,0,0,0,0,0,0,0,0,0,0,0,0,0,0,0,0,0,0,0,0,0,0,0,0,0,0,0,0,0,0,0,0,0,0,0,0,0,0,0,0,0,0,0,0,0,0,0,0,0,0
Lepidochaetus_zelinkai,"['k__Metazoa', 'p__Gastrotricha', 'c__unknown', 'o__Chaetonotida', 'f__Chaetonotidae', 'g__Lepidochaetus', 's__Lepidochaetus_zelinkai']",0,0,0,0,0,0,0,0,0,0,0,0,0,0,0,0,0,0,0,0,0,0,0,0,0,0,0,0,0,0,0,0,0,0,0,0,0,0,0,0,0,0,0,0,0,0,0,0,0,0,0,0,0,0,0,0,0
Leptolegnia_sp._BOLD:AAX5717,"['k__unknown', 'p__unknown', 'c__Oomycetes', 'o__Saprolegniales', 'f__Saprolegniaceae', 'g__Leptolegnia', 's__Leptolegnia_sp._BOLD:AAX5717']",0,0,0,0,0,0,0,0,0,0,0,0,0,0,0,0,0,0,0,0,0,0,0,0,0,0,0,0,0,0,0,0,0,0,0,0,0,0,0,0,0,0,0,0,0,0,0,0,0,0,0,0,0,0,0,0,0
Leuciscus,"['k__Metazoa', 'p__Chordata', 'c__Actinopteri', 'o__Cypriniformes', 'f__Cyprinidae', 'g__Leuciscus']",0,0,0,0,0,0,0,0,0,0,0,0,0,0,0,0,0,0,0,0,0,0,0,0,0,0,0,0,0,0,0,0,0,0,0,0,0,0,0,0,0,0,0,0,0,0,0,0,0,0,0,0,0,0,0,0,0
Limnephilidae,"['k__Metazoa', 'p__Arthropoda', 'c__Insecta', 'o__Trichoptera', 'f__Limnephilidae']",0,0,0,0,0,0,0,0,0,0,0,0,0,0,0,0,0,0,0,0,0,0,0,0,0,0,0,0,0,0,0,0,0,0,0,0,0,0,0,0,0,0,0,0,0,0,0,0,0,0,0,0,0,0,0,0,0
Limnephilus,"['k__Metazoa', 'p__Arthropoda', 'c__Insecta', 'o__Trichoptera', 'f__Limnephilidae', 'g__Limnephilus']",0,0,0,0,0,0,0,0,0,0,0,0,0,0,0,0,0,0,0,0,0,0,0,0,0,0,0,0,0,0,0,0,0,0,0,0,0,0,0,0,0,0,0,0,0,0,0,0,0,0,0,0,0,0,0,0,0
Limnephilus_extricatus,"['k__Metazoa', 'p__Arthropoda', 'c__Insecta', 'o__Trichoptera', 'f__Limnephilidae', 'g__Limnephilus', 's__Limnephilus_extricatus']",0,0,0,0,0,0,0,0,0,0,0,0,0,0,0,0,0,0,0,0,0,0,0,0,0,0,0,0,0,0,0,0,0,0,0,0,0,0,0,0,0,0,0,0,0,0,0,0,0,0,0,0,0,0,0,0,0
Limnodrilus_hoffmeisteri,"['k__Metazoa', 'p__Annelida', 'c__Clitellata', 'o__Haplotaxida', 'f__Tubificidae', 'g__Limnodrilus', 's__Limnodrilus_hoffmeisteri']",0,0,0,0,0,0,0,0,0,0,0,0,0,0,0,0,0,0,0,0,0,0,0,0,0,0,0,0,0,0,0,0,0,0,0,0,0,0,0,0,0,0,0,0,0,0,0,0,0,0,0,0,0,0,0,0,0
Lissotriton,"['k__Metazoa', 'p__Chordata', 'c__Amphibia', 'o__Caudata', 'f__Salamandridae', 'g__Lissotriton']",0,0,0,0,0,0,0,0,0,0,0,0,0,0,0,0,0,0,0,0,0,0,0,0,0,0,0,0,0,0,0,0,0,0,0,0,0,0,0,0,0,0,0,0,0,0,0,0,0,0,0,0,0,0,0,0,0
Lumbricidae,"['k__Metazoa', 'p__Annelida', 'c__Clitellata', 'o__Haplotaxida', 'f__Lumbricidae']",0,0,0,0,0,0,0,0,0,0,0,0,0,0,0,0,0,0,0,0,0,0,0,0,0,0,0,0,0,0,0,0,0,0,0,0,0,0,0,0,0,0,0,0,0,0,0,0,0,0,0,0,0,0,0,0,0
Lumbricillus,"['k__Metazoa', 'p__Annelida', 'c__Clitellata', 'o__Haplotaxida', 'f__Enchytraeidae', 'g__Lumbricillus']",0,0,0,0,0,0,0,0,0,0,0,0,0,0,0,0,0,0,0,0,0,0,0,0,0,0,0,0,0,0,0,0,0,0,0,0,0,0,0,0,0,0,0,0,0,0,0,0,0,0,0,0,0,0,0,0,0
Lumbriculidae,"['k__Metazoa', 'p__Annelida', 'c__Clitellata', 'o__Lumbriculida', 'f__Lumbriculidae']",0,0,0,0,0,0,0,0,0,0,0,0,0,0,0,0,0,0,0,0,0,0,0,0,0,0,0,0,0,0,0,0,0,0,0,0,0,0,0,0,0,0,0,0,0,0,0,0,0,0,0,0,0,0,0,0,0
Lumbriculus_variegatus,"['k__Metazoa', 'p__Annelida', 'c__Clitellata', 'o__Lumbriculida', 'f__Lumbriculidae', 'g__Lumbriculus', 's__Lumbriculus_variegatus']",0,0,0,0,0,0,0,0,0,0,0,0,0,0,0,0,0,0,0,0,0,0,0,0,0,0,0,0,0,0,0,0,0,0,0,0,0,0,0,0,0,0,0,0,0,0,0,0,0,0,0,0,0,0,0,0,0
Lumbricus_terrestris,"['k__Metazoa', 'p__Annelida', 'c__Clitellata', 'o__Haplotaxida', 'f__Lumbricidae', 'g__Lumbricus', 's__Lumbricus_terrestris']",0,0,0,0,0,0,0,0,0,0,0,0,0,0,0,0,0,0,0,0,0,0,0,0,0,0,0,0,0,0,0,0,0,0,0,0,0,0,0,0,0,0,0,0,0,0,0,0,0,0,0,0,7,0,0,0,0
Lype,"['k__Metazoa', 'p__Arthropoda', 'c__Insecta', 'o__Trichoptera', 'f__Psychomyiidae', 'g__Lype']",0,0,0,0,0,0,0,0,0,0,0,0,0,0,0,0,0,0,0,0,0,0,0,0,0,0,0,0,0,0,0,0,0,0,0,0,0,0,0,0,0,0,0,0,0,0,0,0,0,0,0,0,0,0,0,0,0
Lype_reducta,"['k__Metazoa', 'p__Arthropoda', 'c__Insecta', 'o__Trichoptera', 'f__Psychomyiidae', 'g__Lype', 's__Lype_reducta']",0,0,0,0,0,0,0,0,0,0,0,0,0,0,0,0,0,0,0,0,0,0,0,0,0,0,0,0,0,0,0,0,0,0,0,0,0,0,0,0,0,0,0,0,0,0,0,0,0,0,0,0,0,0,0,0,0
Macrocyclops_albidus,"['k__Metazoa', 'p__Arthropoda', 'c__Maxillopoda', 'o__Cyclopoida', 'f__Cyclopidae', 'g__Macrocyclops', 's__Macrocyclops_albidus']",0,0,0,0,0,0,0,0,0,0,0,0,0,0,0,0,0,0,0,0,0,0,0,0,0,0,0,0,0,0,0,0,0,0,0,0,0,0,0,0,0,0,0,0,0,0,0,0,0,0,0,0,0,0,0,0,0
Macrothrix_sp._HE-364,"['k__Metazoa', 'p__Arthropoda', 'c__Branchiopoda', 'o__Diplostraca', 'f__Macrotrichidae', 'g__Macrothrix', 's__Macrothrix_sp._HE-364']",0,0,0,0,0,0,0,0,0,0,0,0,0,0,0,0,0,0,0,0,0,0,0,0,0,0,0,0,0,0,0,0,0,0,0,0,0,0,0,0,0,0,0,0,0,0,0,0,0,0,0,0,0,0,0,0,0
Maxillopoda_sp._BOLD:ACW5664,"['k__Metazoa', 'p__Arthropoda', 'c__Maxillopoda', 'o__unknown', 'f__unknown', 'g__unknown', 's__Maxillopoda_sp._BOLD:ACW5664']",0,0,0,0,0,0,0,0,0,0,0,0,0,0,0,0,0,0,0,0,0,0,0,0,0,0,0,0,0,0,0,0,0,0,0,0,18,0,0,0,0,0,0,0,0,0,0,0,0,0,0,0,0,0,0,0,0
Mayamaea_permitis,"['k__unknown', 'p__Bacillariophyta', 'c__Bacillariophyceae', 'o__Naviculales', 'f__Naviculaceae', 'g__Mayamaea', 's__Mayamaea_permitis']",0,0,0,0,0,0,0,0,0,0,0,0,0,0,14,0,0,0,0,0,0,0,0,0,0,0,0,0,0,0,0,0,0,0,0,0,0,0,0,0,0,0,0,0,0,0,0,0,0,0,0,0,0,0,0,0,0
Meloidogyne_naasi,"['k__Metazoa', 'p__Nematoda', 'c__Chromadorea', 'o__Tylenchida', 'f__Meloidogynidae', 'g__Meloidogyne', 's__Meloidogyne_naasi']",0,0,0,0,0,0,0,0,0,0,0,0,0,0,0,0,0,0,0,0,0,0,0,0,0,0,0,0,0,0,0,0,0,0,0,0,0,0,0,0,0,0,0,0,0,0,0,0,0,0,0,0,0,0,0,0,0
Melosira_ambiqua,"['k__unknown', 'p__Bacillariophyta', 'c__Coscinodiscophyceae', 'o__Melosirales', 'f__Melosiraceae', 'g__Melosira', 's__Melosira_ambiqua']",0,0,0,738,2834,1126,605,927,1183,1082,701,327,0,777,1789,1370,894,465,608,482,1724,493,1145,1221,703,991,849,996,1369,1035,892,981,408,1778,339,701,1124,960,704,622,456,574,443,671,811,719,1679,1200,502,913,1066,738,2333,837,976,1221,9
Metriocnemus_albolineatus,"['k__Metazoa', 'p__Arthropoda', 'c__Insecta', 'o__Diptera', 'f__Chironomidae', 'g__Metriocnemus', 's__Metriocnemus_albolineatus']",0,0,0,0,0,0,0,0,0,0,0,0,0,0,0,0,0,0,0,0,0,0,0,0,0,0,0,0,0,0,0,0,0,0,0,0,0,0,0,0,0,0,0,0,0,0,0,0,0,0,0,0,0,0,0,0,0
Metriocnemus_eurynotus,"['k__Metazoa', 'p__Arthropoda', 'c__Insecta', 'o__Diptera', 'f__Chironomidae', 'g__Metriocnemus', 's__Metriocnemus_eurynotus']",0,0,0,0,0,0,0,0,0,0,0,0,0,0,0,0,0,0,0,0,0,0,0,0,0,0,0,0,0,0,0,0,0,0,0,0,0,0,0,0,0,0,0,0,0,0,0,0,0,0,0,0,0,0,0,0,0
Micropsectra,"['k__Metazoa', 'p__Arthropoda', 'c__Insecta', 'o__Diptera', 'f__Chironomidae', 'g__Micropsectra']",0,0,0,0,0,0,0,0,0,0,0,0,0,0,0,0,0,0,0,0,0,0,0,0,0,0,0,0,0,0,0,0,0,0,0,0,0,0,0,0,0,0,0,0,0,0,0,0,0,0,0,0,0,0,0,0,0
Micropsectra_contracta,"['k__Metazoa', 'p__Arthropoda', 'c__Insecta', 'o__Diptera', 'f__Chironomidae', 'g__Micropsectra', 's__Micropsectra_contracta']",0,0,0,0,5,0,0,0,6,0,0,0,0,0,0,0,0,0,0,0,0,0,0,0,0,0,0,5,0,0,0,0,0,0,0,0,0,0,0,0,0,0,0,0,0,0,7,0,0,0,0,0,8,0,0,0,0
Micropsectra_junci,"['k__Metazoa', 'p__Arthropoda', 'c__Insecta', 'o__Diptera', 'f__Chironomidae', 'g__Micropsectra', 's__Micropsectra_junci']",0,0,0,0,0,0,0,0,0,0,0,0,0,0,0,0,0,0,0,0,0,0,0,0,0,0,0,0,0,0,0,0,0,0,0,0,0,0,0,0,0,0,0,0,0,0,0,0,0,0,0,0,0,0,0,0,0
Micropsectra_notescens,"['k__Metazoa', 'p__Arthropoda', 'c__Insecta', 'o__Diptera', 'f__Chironomidae', 'g__Micropsectra', 's__Micropsectra_notescens']",0,0,0,0,0,0,0,0,0,0,0,0,0,0,0,0,0,0,0,0,0,0,0,0,0,0,0,0,0,0,0,0,0,0,0,0,0,0,0,0,0,0,0,0,0,0,0,0,0,0,0,0,0,0,0,0,0
Microstomum_lineare,"['k__Metazoa', 'p__Platyhelminthes', 'c__unknown', 'o__Macrostomida', 'f__Microstomidae', 'g__Microstomum', 's__Microstomum_lineare']",0,0,0,0,0,0,0,0,0,0,0,181,0,0,0,0,0,0,0,0,0,0,0,0,0,0,0,0,0,0,0,0,0,0,0,0,0,0,0,0,0,0,0,0,0,0,0,0,0,0,0,0,0,0,0,0,0
Microtendipes,"['k__Metazoa', 'p__Arthropoda', 'c__Insecta', 'o__Diptera', 'f__Chironomidae', 'g__Microtendipes']",0,0,0,0,0,0,0,0,0,0,0,0,0,0,0,0,0,0,0,0,0,0,0,0,0,0,0,0,0,0,0,0,0,0,0,0,0,0,0,0,0,0,0,0,0,0,0,0,0,0,0,0,0,0,0,0,0
Mollusca,"['k__Metazoa', 'p__Mollusca']",0,0,0,0,0,0,0,0,0,0,0,0,0,0,0,0,0,0,0,0,0,0,0,0,0,0,0,0,0,0,0,0,0,0,0,0,0,0,0,0,0,0,0,0,0,0,0,0,0,0,0,0,0,0,0,0,0
Mucorales,"['k__Fungi', 'p__Mucoromycota', 'c__unknown', 'o__Mucorales']",0,0,0,0,0,0,0,0,0,0,0,0,0,0,0,0,0,0,0,0,0,0,0,0,0,0,0,0,0,0,0,0,0,0,0,0,0,0,0,0,0,0,0,0,0,0,0,0,0,0,0,0,0,0,0,0,0
Muridae,"['k__Metazoa', 'p__Chordata', 'c__Mammalia', 'o__Rodentia', 'f__Muridae']",0,0,0,0,0,0,0,0,0,0,0,0,0,0,0,0,0,0,0,0,0,0,0,0,0,0,0,0,0,0,0,0,0,0,0,0,0,0,0,0,0,0,0,0,0,0,0,0,0,0,0,0,0,0,0,0,0
Mytilina_ventralis,"['k__Metazoa', 'p__Rotifera', 'c__Monogononta', 'o__Ploima', 'f__Brachionidae', 'g__Mytilina', 's__Mytilina_ventralis']",0,0,0,0,0,0,0,0,0,0,0,0,0,0,0,0,0,0,0,0,0,0,0,0,0,0,0,0,0,0,0,0,0,0,0,0,0,0,0,0,0,0,0,0,0,0,0,0,0,0,0,0,0,0,0,0,0
Nais,"['k__Metazoa', 'p__Annelida', 'c__Clitellata', 'o__Haplotaxida', 'f__Tubificidae', 'g__Nais']",0,0,0,0,0,0,0,0,0,0,0,0,0,0,0,0,0,0,0,0,0,0,0,0,0,0,0,0,0,0,0,0,0,0,0,0,0,0,0,0,0,0,0,0,0,0,0,0,0,0,0,0,0,0,0,0,0
Nais_bretscheri,"['k__Metazoa', 'p__Annelida', 'c__Clitellata', 'o__Haplotaxida', 'f__Tubificidae', 'g__Nais', 's__Nais_bretscheri']",0,0,0,0,0,39,0,0,0,0,0,0,0,0,0,0,0,0,0,0,0,0,0,0,0,0,0,0,0,0,0,0,0,0,0,0,5,0,0,0,0,5,0,0,0,0,0,0,0,0,14,0,0,15,0,0,0
Nais_communis/variabilis_complex_sp._A1,"['k__Metazoa', 'p__Annelida', 'c__Clitellata', 'o__Haplotaxida', 'f__Tubificidae', 'g__Nais', 's__Nais_communis/variabilis_complex_sp._A1']",0,0,0,0,0,0,0,0,0,0,0,0,0,0,0,0,0,0,0,0,0,0,0,0,0,0,0,0,0,0,0,0,0,0,0,0,0,0,0,0,0,0,0,0,0,0,0,0,0,0,0,0,0,0,0,0,0
Nais_communis/variabilis_complex_sp._A4,"['k__Metazoa', 'p__Annelida', 'c__Clitellata', 'o__Haplotaxida', 'f__Tubificidae', 'g__Nais', 's__Nais_communis/variabilis_complex_sp._A4']",0,0,0,0,0,0,0,0,0,0,0,0,0,0,0,0,0,0,0,0,0,0,0,0,0,0,0,0,0,0,0,0,0,0,0,0,0,0,0,0,0,0,0,0,0,0,0,0,0,0,0,0,0,0,0,0,0
Nais_elinguis,"['k__Metazoa', 'p__Annelida', 'c__Clitellata', 'o__Haplotaxida', 'f__Tubificidae', 'g__Nais', 's__Nais_elinguis']",0,0,0,0,7,0,0,0,0,0,0,0,0,0,0,0,0,0,0,0,0,0,0,0,0,0,5,0,0,0,0,0,0,0,0,0,0,0,0,0,0,8,0,0,8,0,7,0,0,5,0,0,10,0,0,0,0
Nais_stolci,"['k__Metazoa', 'p__Annelida', 'c__Clitellata', 'o__Haplotaxida', 'f__Tubificidae', 'g__Nais', 's__Nais_stolci']",0,0,0,0,0,0,0,0,0,0,0,0,0,0,0,0,0,0,0,0,0,0,0,0,0,0,0,0,0,0,0,0,0,0,0,0,0,0,0,0,0,0,0,0,0,0,0,0,0,0,0,0,0,0,0,0,0
Navicula_minima,"['k__unknown', 'p__Bacillariophyta', 'c__Bacillariophyceae', 'o__Naviculales', 'f__Naviculaceae', 'g__Navicula', 's__Navicula_minima']",0,0,0,0,0,0,0,0,0,0,0,0,0,0,0,0,0,0,0,0,0,0,0,0,0,0,0,0,0,0,0,0,0,0,0,0,0,0,0,0,0,0,0,0,0,0,0,0,0,0,0,0,0,0,0,0,0
Neomys_fodiens,"['k__Metazoa', 'p__Chordata', 'c__Mammalia', 'o__Insectivora', 'f__Soricidae', 'g__Neomys', 's__Neomys_fodiens']",0,0,0,0,0,0,0,0,0,0,0,0,0,0,0,0,0,0,0,0,0,0,0,0,0,0,0,0,0,0,0,0,0,0,0,0,0,0,0,0,0,0,0,0,0,0,0,0,0,0,0,0,0,0,0,0,0
Nitzschia_cf._recta_RT-2009,"['k__unknown', 'p__Bacillariophyta', 'c__Bacillariophyceae', 'o__Bacillariales', 'f__Bacillariaceae', 'g__Nitzschia', 's__Nitzschia_cf._recta_RT-2009']",0,0,0,0,0,12,6,0,0,8,0,0,0,0,43,0,0,0,0,0,0,0,0,0,0,0,0,0,0,0,0,0,0,0,0,0,0,0,0,5,0,0,0,0,0,0,0,0,0,0,0,0,0,0,0,12,0
Nitzschia_palea,"['k__unknown', 'p__Bacillariophyta', 'c__Bacillariophyceae', 'o__Bacillariales', 'f__Bacillariaceae', 'g__Nitzschia', 's__Nitzschia_palea']",0,0,0,0,0,0,0,0,0,0,0,0,0,0,20,0,0,0,0,0,0,0,0,0,0,0,0,0,0,0,0,0,0,0,0,0,0,0,0,0,0,0,0,0,0,0,0,0,0,0,0,0,5,0,0,0,0
Nusuttodinium,"['k__unknown', 'p__unknown', 'c__Dinophyceae', 'o__Gymnodiniales', 'f__Gymnodiniaceae', 'g__Nusuttodinium']",0,0,0,0,0,0,0,0,0,0,0,0,0,0,0,0,0,0,0,0,0,0,0,0,0,0,0,0,0,0,0,0,0,0,0,0,0,0,0,0,0,0,0,0,0,0,0,0,0,0,0,0,0,0,0,0,0
Oligochaeta_sp._1_RV-2016,"['k__Metazoa', 'p__Annelida', 'c__Clitellata', 'o__unknown', 'f__unknown', 'g__unknown', 's__Oligochaeta_sp._1_RV-2016']",0,0,0,0,0,0,0,0,0,0,0,0,0,0,0,0,0,0,0,0,0,0,0,0,0,0,0,0,0,0,0,0,0,0,0,0,0,0,0,0,0,0,0,0,0,0,0,0,0,0,0,0,0,0,0,0,0
Oomycetes,"['k__unknown', 'p__unknown', 'c__Oomycetes']",0,0,0,0,6,13,0,0,0,0,0,0,0,0,11,11,0,0,0,0,0,0,0,0,0,0,0,6,0,0,0,0,0,5,0,0,6,0,0,0,0,0,0,0,0,0,0,0,0,0,0,0,5,0,0,0,0
Ophidonais_serpentina,"['k__Metazoa', 'p__Annelida', 'c__Clitellata', 'o__Haplotaxida', 'f__Tubificidae', 'g__Ophidonais', 's__Ophidonais_serpentina']",0,0,0,0,0,0,0,0,0,0,0,0,0,0,0,0,0,0,0,0,0,0,0,0,0,0,0,0,0,0,0,0,0,0,0,0,0,0,0,0,0,0,0,0,0,0,0,0,0,0,0,0,0,0,0,0,0
Orthocladius,"['k__Metazoa', 'p__Arthropoda', 'c__Insecta', 'o__Diptera', 'f__Chironomidae', 'g__Orthocladius']",0,0,0,5,0,9,0,0,0,0,0,0,0,0,0,147,0,0,121,0,0,0,0,0,21,0,0,84,0,0,0,0,215,0,0,0,0,0,0,0,0,0,0,0,0,12,0,0,0,0,0,0,0,0,329,0,0
Orthocladius_fuscimanus,"['k__Metazoa', 'p__Arthropoda', 'c__Insecta', 'o__Diptera', 'f__Chironomidae', 'g__Orthocladius', 's__Orthocladius_fuscimanus']",0,0,0,0,0,18,0,0,0,0,0,0,0,0,0,0,0,0,0,0,0,0,0,0,0,0,0,0,0,0,5,0,0,0,0,0,0,0,0,0,0,5,0,0,0,0,0,0,0,0,0,0,0,0,0,0,0
Orthocladius_oblidens,"['k__Metazoa', 'p__Arthropoda', 'c__Insecta', 'o__Diptera', 'f__Chironomidae', 'g__Orthocladius', 's__Orthocladius_oblidens']",0,0,0,0,593,0,0,0,0,0,0,0,0,5,121,91,0,0,290,0,0,0,0,0,22,0,144,62,0,0,5,0,877,5,273,0,0,0,12,24,0,0,0,0,371,114,0,0,0,0,0,0,0,0,108,438,0
Paracyclops_fimbriatus,"['k__Metazoa', 'p__Arthropoda', 'c__Maxillopoda', 'o__Cyclopoida', 'f__Cyclopidae', 'g__Paracyclops', 's__Paracyclops_fimbriatus']",0,0,0,0,0,0,0,0,0,0,0,0,0,0,0,0,0,0,0,0,0,0,0,0,0,0,0,0,0,0,0,0,0,0,0,0,0,0,0,0,0,0,0,0,0,0,0,0,0,0,0,0,0,0,0,0,0
Paratanytarsus_dissimilis,"['k__Metazoa', 'p__Arthropoda', 'c__Insecta', 'o__Diptera', 'f__Chironomidae', 'g__Paratanytarsus', 's__Paratanytarsus_dissimilis']",0,0,0,0,0,0,0,0,0,0,0,0,0,0,0,0,0,0,0,0,0,0,0,0,0,0,0,0,0,0,0,0,0,0,0,0,0,0,0,0,0,0,0,0,0,0,0,0,0,0,0,0,0,0,0,0,0
Pedinomonas_minor,"['k__Viridiplantae', 'p__Chlorophyta', 'c__Pedinophyceae', 'o__Pedinomonadales', 'f__Pedinomonadaceae', 'g__Pedinomonas', 's__Pedinomonas_minor']",0,0,0,0,0,0,0,0,0,0,0,0,0,0,0,0,0,0,0,0,0,0,0,0,0,0,0,0,0,0,0,0,0,0,0,0,0,0,0,0,0,0,0,0,0,0,0,0,0,0,0,0,0,0,0,0,0
Pedospumella_encystans,"['k__unknown', 'p__unknown', 'c__Chrysophyceae', 'o__Chromulinales', 'f__Chromulinaceae', 'g__Pedospumella', 's__Pedospumella_encystans']",0,0,0,0,0,9,0,0,0,0,0,0,0,0,0,0,0,0,0,0,0,0,0,0,0,0,0,0,0,0,0,0,0,0,0,0,0,0,0,0,0,0,0,0,0,0,0,0,0,0,0,0,0,0,0,0,0
Pellucidodinium_psammophilum,"['k__unknown', 'p__unknown', 'c__Dinophyceae', 'o__unknown', 'f__unknown', 'g__Pellucidodinium', 's__Pellucidodinium_psammophilum']",0,0,0,0,0,0,0,0,0,0,0,0,0,0,0,0,0,0,0,0,0,0,0,0,0,0,0,0,0,0,0,0,0,0,0,0,0,0,0,0,0,0,0,0,0,0,0,0,0,0,0,0,0,0,0,0,0
Penicillium,"['k__Fungi', 'p__Ascomycota', 'c__Eurotiomycetes', 'o__Eurotiales', 'f__Aspergillaceae', 'g__Penicillium']",0,0,0,0,0,0,0,0,0,0,0,0,0,0,0,0,0,0,0,0,0,0,0,0,0,0,0,0,0,0,0,0,0,0,0,0,0,0,0,0,0,0,0,0,0,0,0,0,0,0,0,0,0,0,0,0,0
Penicillium_sclerotiorum,"['k__Fungi', 'p__Ascomycota', 'c__Eurotiomycetes', 'o__Eurotiales', 'f__Aspergillaceae', 'g__Penicillium', 's__Penicillium_sclerotiorum']",0,0,0,0,0,9,0,0,0,0,0,0,0,0,0,0,0,0,0,0,0,0,0,0,0,0,0,0,0,0,0,0,0,0,0,0,0,0,0,0,0,0,0,0,0,0,0,0,0,0,0,0,0,0,0,0,0
Perca_fluviatilis,"['k__Metazoa', 'p__Chordata', 'c__Actinopteri', 'o__Perciformes', 'f__Percidae', 'g__Perca', 's__Perca_fluviatilis']",0,0,0,0,0,0,0,0,0,0,0,0,0,0,0,0,0,0,0,0,0,0,0,0,0,0,0,0,0,0,0,0,0,0,0,0,0,0,0,0,0,0,0,0,0,0,0,0,0,0,0,0,0,0,0,0,0
Philodina_citrina,"['k__Metazoa', 'p__Rotifera', 'c__Bdelloidea', 'o__Philodinida', 'f__Philodinidae', 'g__Philodina', 's__Philodina_citrina']",0,0,0,0,0,0,0,0,0,0,0,0,0,0,0,0,0,0,0,0,0,0,0,0,0,0,0,0,0,0,0,0,0,0,0,0,0,0,0,0,0,0,0,0,0,0,0,0,0,0,0,0,0,0,0,0,0
Philodina_flaviceps,"['k__Metazoa', 'p__Rotifera', 'c__Bdelloidea', 'o__Philodinida', 'f__Philodinidae', 'g__Philodina', 's__Philodina_flaviceps']",0,0,0,0,0,0,0,0,0,0,0,0,0,0,0,0,0,0,0,0,0,0,0,0,0,0,0,0,0,0,0,0,0,0,0,0,0,0,0,0,0,0,0,0,0,0,0,0,0,0,0,0,0,0,0,0,0
Philodina_megalotrocha,"['k__Metazoa', 'p__Rotifera', 'c__Bdelloidea', 'o__Philodinida', 'f__Philodinidae', 'g__Philodina', 's__Philodina_megalotrocha']",0,0,0,0,0,0,0,0,0,0,0,0,0,0,0,0,0,0,0,0,0,0,0,0,0,0,0,0,0,0,0,0,0,0,0,0,0,0,0,0,0,0,0,0,0,0,0,0,0,0,0,0,0,0,0,0,0
Phoxinus_phoxinus,"['k__Metazoa', 'p__Chordata', 'c__Actinopteri', 'o__Cypriniformes', 'f__Cyprinidae', 'g__Phoxinus', 's__Phoxinus_phoxinus']",0,0,0,0,0,0,0,0,0,0,0,0,0,0,0,0,0,0,0,0,0,0,0,0,0,0,5,0,0,0,0,0,0,0,0,0,0,0,0,0,0,0,0,0,7,0,0,0,0,0,0,0,0,0,0,0,0
Phytophthora,"['k__unknown', 'p__unknown', 'c__Oomycetes', 'o__Peronosporales', 'f__unknown', 'g__Phytophthora']",0,0,0,0,16,13,8,0,0,11,0,5,0,5,29,22,0,0,0,6,0,5,0,0,7,6,0,17,9,0,0,0,0,15,5,0,8,0,0,0,5,0,0,0,7,6,0,6,5,8,0,8,17,0,0,6,0
Phytophthora_gonapodyides,"['k__unknown', 'p__unknown', 'c__Oomycetes', 'o__Peronosporales', 'f__unknown', 'g__Phytophthora', 's__Phytophthora_gonapodyides']",0,0,0,0,0,0,0,0,0,0,0,0,0,0,0,0,0,0,0,0,0,0,0,0,0,0,0,0,0,0,0,0,0,0,0,0,0,0,0,0,0,0,0,0,0,0,0,0,0,0,0,0,0,0,0,0,0
Pinnularia_sp._10_CS-2011,"['k__unknown', 'p__Bacillariophyta', 'c__Bacillariophyceae', 'o__Naviculales', 'f__Pinnulariaceae', 'g__Pinnularia', 's__Pinnularia_sp._10_CS-2011']",0,0,0,0,0,0,0,0,0,0,0,0,0,0,0,0,0,0,0,0,0,0,0,0,0,0,0,0,0,0,0,0,0,0,0,0,0,0,0,0,0,0,0,0,0,0,0,0,0,0,0,0,0,0,0,0,0
Plectus_aquatilis,"['k__Metazoa', 'p__Nematoda', 'c__Chromadorea', 'o__Araeolaimida', 'f__Plectidae', 'g__Plectus', 's__Plectus_aquatilis']",0,0,0,0,0,0,0,0,0,0,0,0,0,0,0,0,0,0,0,0,0,0,0,0,0,0,0,0,0,0,0,0,0,0,0,0,0,0,0,0,0,0,0,0,0,0,0,0,0,0,0,0,0,0,0,0,0
Ploima,"['k__Metazoa', 'p__Rotifera', 'c__Monogononta', 'o__Ploima']",0,0,0,0,0,0,0,0,0,0,0,0,0,0,0,0,0,0,0,0,0,0,0,0,0,0,0,0,0,0,0,0,0,0,0,0,0,0,0,0,0,0,0,0,0,0,0,0,0,0,0,0,0,0,0,0,0
Podocopida,"['k__Metazoa', 'p__Arthropoda', 'c__Ostracoda', 'o__Podocopida']",0,0,0,0,0,0,0,0,0,0,0,0,0,0,0,0,0,0,0,0,0,0,0,0,0,0,0,0,0,0,0,0,0,0,0,0,0,0,0,0,0,0,0,0,0,0,0,0,0,0,0,0,0,0,0,0,0
Podocopida_sp._BOLD:AAH0903,"['k__Metazoa', 'p__Arthropoda', 'c__Ostracoda', 'o__Podocopida', 'f__unknown', 'g__unknown', 's__Podocopida_sp._BOLD:AAH0903']",0,0,0,0,0,0,0,0,0,0,0,0,0,0,0,0,0,0,0,0,0,0,0,0,0,0,0,0,0,0,0,0,0,0,0,0,0,0,0,0,0,0,0,0,0,0,0,0,0,0,0,0,0,0,0,0,0
Podocopida_sp._BOLD:AAH0908,"['k__Metazoa', 'p__Arthropoda', 'c__Ostracoda', 'o__Podocopida', 'f__unknown', 'g__unknown', 's__Podocopida_sp._BOLD:AAH0908']",0,0,0,0,0,0,0,0,0,0,0,0,0,0,0,0,0,0,0,0,0,0,0,0,0,0,0,0,0,0,0,0,0,0,0,0,0,0,0,0,0,0,0,0,0,0,0,0,0,0,0,0,0,0,0,0,0
Podocopida_sp._BOLD:AAH0910,"['k__Metazoa', 'p__Arthropoda', 'c__Ostracoda', 'o__Podocopida', 'f__unknown', 'g__unknown', 's__Podocopida_sp._BOLD:AAH0910']",0,0,0,0,0,0,0,0,0,0,0,0,0,0,0,0,0,0,0,0,0,0,0,0,0,0,0,0,0,0,0,0,0,0,0,0,0,0,0,0,0,0,0,0,0,0,0,0,0,0,0,0,0,0,0,0,0
Podura_aquatica,"['k__Metazoa', 'p__Arthropoda', 'c__Collembola', 'o__unknown', 'f__Poduridae', 'g__Podura', 's__Podura_aquatica']",0,0,0,0,0,0,0,0,0,0,0,0,0,0,0,0,0,0,0,0,0,0,0,0,0,0,0,0,0,0,0,0,0,0,0,0,0,0,0,0,0,0,0,0,0,0,0,0,0,0,0,0,0,0,0,0,0
Polyarthra,"['k__Metazoa', 'p__Rotifera', 'c__Monogononta', 'o__Ploima', 'f__Synchaetidae', 'g__Polyarthra']",0,0,0,0,0,0,0,0,0,0,0,0,0,0,0,0,0,0,0,0,0,0,0,0,0,0,0,0,0,0,0,0,0,0,0,0,0,0,0,0,0,0,0,0,0,0,0,0,0,0,0,0,0,0,0,0,0
Polyarthra_dolichoptera_complex_sp._UO-2013,"['k__Metazoa', 'p__Rotifera', 'c__Monogononta', 'o__Ploima', 'f__Synchaetidae', 'g__Polyarthra', 's__Polyarthra_dolichoptera_complex_sp._UO-2013']",0,0,0,0,5,12,0,7,0,0,7,0,0,0,6,6,5,0,0,10,0,0,0,6,0,0,0,0,0,0,0,0,5,0,0,0,0,6,0,0,0,0,0,0,0,0,0,0,0,0,0,6,8,0,0,20,0
Polyphemus_pediculus,"['k__Metazoa', 'p__Arthropoda', 'c__Branchiopoda', 'o__Diplostraca', 'f__Polyphemidae', 'g__Polyphemus', 's__Polyphemus_pediculus']",0,0,0,0,0,0,0,0,0,0,0,0,0,0,0,0,0,0,0,0,0,0,0,0,0,0,0,0,0,0,0,0,0,0,0,0,0,0,0,0,0,0,0,0,0,0,0,0,0,0,0,0,0,0,0,0,0
Potamothrix_hammoniensis,"['k__Metazoa', 'p__Annelida', 'c__Clitellata', 'o__Haplotaxida', 'f__Tubificidae', 'g__Potamothrix', 's__Potamothrix_hammoniensis']",0,0,0,0,0,0,0,0,0,0,0,0,0,0,0,0,0,0,0,0,0,0,0,0,0,0,0,0,0,0,0,0,0,0,0,0,0,0,0,0,0,0,0,0,0,0,0,0,0,0,0,0,0,0,0,0,0
Potamothrix_vejdovskyi,"['k__Metazoa', 'p__Annelida', 'c__Clitellata', 'o__Haplotaxida', 'f__Tubificidae', 'g__Potamothrix', 's__Potamothrix_vejdovskyi']",0,0,0,0,0,0,0,0,0,0,0,0,0,0,0,0,0,0,0,0,0,0,0,0,0,0,0,0,0,0,0,0,0,0,0,0,0,0,0,0,0,0,0,0,0,0,0,0,0,0,0,0,0,0,0,0,0
Prodiamesa_olivacea,"['k__Metazoa', 'p__Arthropoda', 'c__Insecta', 'o__Diptera', 'f__Chironomidae', 'g__Prodiamesa', 's__Prodiamesa_olivacea']",0,0,0,0,0,0,0,0,0,0,0,0,0,0,0,0,0,0,0,0,0,0,0,0,0,0,0,0,0,0,0,0,0,0,0,0,0,0,0,0,0,0,0,0,0,0,0,0,0,0,0,0,0,0,0,0,0
Psammoryctides_barbatus,"['k__Metazoa', 'p__Annelida', 'c__Clitellata', 'o__Haplotaxida', 'f__Tubificidae', 'g__Psammoryctides', 's__Psammoryctides_barbatus']",0,0,0,0,0,0,0,0,0,0,0,0,0,0,0,0,0,0,0,0,0,0,0,0,0,0,0,0,0,0,0,0,0,0,0,0,0,0,0,0,0,0,0,0,0,0,0,0,0,0,0,0,0,0,0,0,0
Psathyrella_candolleana,"['k__Fungi', 'p__Basidiomycota', 'c__Agaricomycetes', 'o__Agaricales', 'f__Psathyrellaceae', 'g__Psathyrella', 's__Psathyrella_candolleana']",0,0,0,0,0,0,0,0,0,0,0,0,0,0,0,0,0,0,0,0,0,0,0,0,0,0,0,0,0,0,0,0,0,0,0,0,0,0,0,0,0,0,0,0,0,0,0,0,0,0,0,0,0,0,0,0,0
Pungitius,"['k__Metazoa', 'p__Chordata', 'c__Actinopteri', 'o__Perciformes', 'f__Gasterosteidae', 'g__Pungitius']",0,0,0,0,0,0,0,0,0,0,0,0,0,0,0,0,0,0,0,0,0,0,0,0,0,0,0,0,0,0,0,0,0,0,0,0,0,0,0,0,0,0,0,0,0,0,0,0,0,0,0,0,0,0,0,0,0
Pythiaceae,"['k__unknown', 'p__unknown', 'c__Oomycetes', 'o__Pythiales', 'f__Pythiaceae']",0,0,0,0,0,0,0,0,0,0,0,0,0,0,0,0,0,0,0,0,0,0,0,0,0,0,0,0,0,0,0,0,0,0,0,0,0,0,0,0,0,0,0,0,0,0,0,0,0,0,0,0,0,0,0,0,0
Pythiogeton_ramosum,"['k__unknown', 'p__unknown', 'c__Oomycetes', 'o__Pythiales', 'f__Pythiogetonaceae', 'g__Pythiogeton', 's__Pythiogeton_ramosum']",0,0,0,0,0,0,0,0,0,0,0,0,0,0,0,0,0,0,0,0,0,0,0,0,0,0,0,0,0,0,0,0,0,0,0,0,0,0,0,0,0,0,0,0,0,0,0,0,0,0,0,0,0,0,0,0,0
Pythium,"['k__unknown', 'p__unknown', 'c__Oomycetes', 'o__Pythiales', 'f__Pythiaceae', 'g__Pythium']",0,0,0,0,15,37,10,0,6,7,0,0,0,0,39,19,11,6,5,7,8,0,8,0,8,10,5,13,12,6,9,0,0,10,0,0,12,0,0,0,5,0,0,0,5,0,8,8,5,0,0,0,37,0,0,6,0
Pythium_cystogenes,"['k__unknown', 'p__unknown', 'c__Oomycetes', 'o__Pythiales', 'f__Pythiaceae', 'g__Pythium', 's__Pythium_cystogenes']",0,0,0,0,0,0,0,0,0,0,0,0,0,0,25,0,0,0,0,0,0,0,0,0,0,0,0,0,0,0,0,0,0,0,0,0,0,0,0,0,0,0,0,0,0,0,0,0,0,0,0,0,0,0,0,0,0
Rallidae,"['k__Metazoa', 'p__Chordata', 'c__Aves', 'o__Gruiformes', 'f__Rallidae']",0,0,0,0,0,0,0,0,0,0,0,0,0,0,0,0,0,0,0,0,0,0,0,0,0,0,0,0,0,0,0,0,0,0,0,0,0,0,0,0,0,0,0,0,0,0,0,0,0,0,0,0,0,0,0,0,0
Rhynchosporium_orthosporum,"['k__Fungi', 'p__Ascomycota', 'c__Leotiomycetes', 'o__Helotiales', 'f__unknown', 'g__Rhynchosporium', 's__Rhynchosporium_orthosporum']",0,0,0,0,0,7,0,0,0,0,0,0,0,0,0,0,0,0,0,0,0,0,0,0,0,0,0,0,0,0,0,0,0,0,0,0,0,0,0,0,0,0,0,0,0,0,0,0,0,0,0,0,0,0,0,0,0
Rotaria,"['k__Metazoa', 'p__Rotifera', 'c__Bdelloidea', 'o__unknown', 'f__unknown', 'g__Rotaria']",0,0,0,0,0,0,0,0,0,0,0,0,0,0,0,0,0,0,0,0,0,0,0,0,0,0,0,0,0,0,0,0,0,0,0,0,0,0,0,0,0,0,0,0,0,0,0,0,0,0,0,0,0,0,0,0,0
Rotaria_macroceros,"['k__Metazoa', 'p__Rotifera', 'c__Bdelloidea', 'o__unknown', 'f__unknown', 'g__Rotaria', 's__Rotaria_macroceros']",0,0,0,0,0,0,0,0,0,0,0,0,0,0,0,0,0,0,0,0,0,0,0,0,0,0,0,0,0,0,0,0,0,0,0,0,0,0,0,0,0,0,0,0,0,0,0,0,0,0,0,0,0,0,0,0,0
Rotaria_rotatoria,"['k__Metazoa', 'p__Rotifera', 'c__Bdelloidea', 'o__unknown', 'f__unknown', 'g__Rotaria', 's__Rotaria_rotatoria']",0,0,0,0,0,0,0,5,0,0,0,0,0,0,0,0,5,0,0,0,0,0,0,0,0,0,0,0,0,0,0,0,0,0,0,0,0,0,0,0,0,0,0,0,0,0,0,0,0,0,0,0,0,0,0,0,0
Rutilus,"['k__Metazoa', 'p__Chordata', 'c__Actinopteri', 'o__Cypriniformes', 'f__Cyprinidae', 'g__Rutilus']",0,0,0,0,0,0,0,0,0,0,0,0,0,0,0,0,0,0,0,0,0,0,0,0,0,0,0,0,0,0,0,0,0,0,0,0,0,0,0,0,0,0,0,0,0,0,0,0,0,0,0,0,0,0,0,0,0
Salmo,"['k__Metazoa', 'p__Chordata', 'c__Actinopteri', 'o__Salmoniformes', 'f__Salmonidae', 'g__Salmo']",0,0,0,0,0,0,0,0,0,0,0,0,0,0,0,0,0,0,0,0,0,0,0,0,0,0,0,0,0,0,0,0,0,0,0,0,0,0,0,0,0,0,0,0,0,0,0,0,0,0,0,0,0,0,0,0,0
Saprolegniaceae,"['k__unknown', 'p__unknown', 'c__Oomycetes', 'o__Saprolegniales', 'f__Saprolegniaceae']",0,0,0,0,0,0,0,0,0,0,0,0,0,0,0,0,0,0,0,0,0,0,0,0,0,0,0,0,0,0,0,0,0,0,0,0,0,0,0,0,0,0,0,0,0,0,0,0,0,0,0,0,0,0,0,0,0
Sciaridae,"['k__Metazoa', 'p__Arthropoda', 'c__Insecta', 'o__Diptera', 'f__Sciaridae']",0,0,0,0,0,0,0,0,0,0,0,0,0,0,0,0,0,0,0,0,0,0,0,0,0,0,0,0,0,0,0,0,0,0,0,0,0,0,0,0,0,0,0,0,0,0,0,0,0,0,0,0,0,0,0,0,0
Sellaphora_cf._minima,"['k__unknown', 'p__Bacillariophyta', 'c__Bacillariophyceae', 'o__Naviculales', 'f__Sellaphoraceae', 'g__Sellaphora', 's__Sellaphora_cf._minima']",0,0,0,0,0,5,0,0,0,0,0,0,0,0,0,0,0,0,0,0,0,0,0,0,0,0,0,0,0,0,0,0,0,0,0,0,0,0,0,0,0,0,0,0,0,0,0,0,0,0,0,0,0,0,0,0,0
Sericostoma,"['k__Metazoa', 'p__Arthropoda', 'c__Insecta', 'o__Trichoptera', 'f__Sericostomatidae', 'g__Sericostoma']",0,0,0,0,0,0,0,0,0,0,0,0,0,0,0,0,0,0,0,0,0,0,0,0,0,0,0,0,0,0,0,0,0,0,0,0,0,0,0,0,0,0,0,0,0,0,0,0,0,0,0,0,0,0,0,0,0
Sheathia_arcuata,"['k__unknown', 'p__unknown', 'c__Florideophyceae', 'o__Batrachospermales', 'f__Batrachospermaceae', 'g__Sheathia', 's__Sheathia_arcuata']",0,0,0,0,5,23,5,0,9,7,0,0,0,0,8,0,0,10,0,0,6,0,0,0,5,0,0,0,5,6,5,0,5,9,0,0,6,5,0,0,0,0,0,0,5,0,0,8,0,0,16,0,0,6,0,19,0
Sheathia_boryana,"['k__unknown', 'p__unknown', 'c__Florideophyceae', 'o__Batrachospermales', 'f__Batrachospermaceae', 'g__Sheathia', 's__Sheathia_boryana']",0,0,0,0,0,0,0,0,0,0,0,0,0,0,0,0,0,0,0,0,0,0,0,0,0,0,0,0,0,0,0,0,0,0,0,0,0,0,0,0,0,0,0,0,0,0,0,0,0,0,0,0,0,0,0,0,0
Sheathia_involuta,"['k__unknown', 'p__unknown', 'c__Florideophyceae', 'o__Batrachospermales', 'f__Batrachospermaceae', 'g__Sheathia', 's__Sheathia_involuta']",0,0,0,0,0,0,0,0,0,0,0,0,0,0,0,0,0,0,0,0,0,0,0,0,0,0,0,0,0,0,0,0,0,0,0,0,0,0,0,0,0,0,0,0,0,0,0,0,0,0,0,0,0,0,0,0,0
Simocephalus_vetulus,"['k__Metazoa', 'p__Arthropoda', 'c__Branchiopoda', 'o__Diplostraca', 'f__Daphniidae', 'g__Simocephalus', 's__Simocephalus_vetulus']",0,0,0,0,0,0,0,0,0,0,0,0,0,0,0,0,0,0,0,0,0,0,0,0,0,0,0,0,0,0,0,0,0,0,0,0,0,0,0,0,0,0,0,0,0,0,0,0,0,0,0,0,0,0,0,0,0
Simulium,"['k__Metazoa', 'p__Arthropoda', 'c__Insecta', 'o__Diptera', 'f__Simuliidae', 'g__Simulium']",0,0,0,0,7,0,0,0,0,5,0,0,0,0,5,6,0,0,0,0,0,0,0,0,0,0,6,6,0,0,0,0,0,0,0,0,0,0,0,0,0,0,0,0,0,0,10,0,0,5,0,9,11,6,0,0,0
Skeletonema,"['k__unknown', 'p__Bacillariophyta', 'c__Coscinodiscophyceae', 'o__Thalassiosirales', 'f__Skeletonemataceae', 'g__Skeletonema']",0,0,0,0,0,0,0,0,0,0,0,0,0,0,0,0,0,0,0,0,0,0,0,0,0,0,0,0,0,0,0,0,0,0,0,0,0,0,0,0,0,0,0,0,0,0,0,0,0,0,0,0,0,0,0,0,0
Sminthurus_viridis,"['k__Metazoa', 'p__Arthropoda', 'c__Collembola', 'o__unknown', 'f__Sminthuridae', 'g__Sminthurus', 's__Sminthurus_viridis']",0,0,0,0,0,0,0,0,0,0,0,0,0,0,0,0,0,0,0,0,0,0,0,0,0,0,0,0,0,0,0,0,0,0,0,0,0,0,0,0,0,0,0,0,0,0,0,0,0,0,0,0,0,0,0,0,0
Spongillida,"['k__Metazoa', 'p__Porifera', 'c__Demospongiae', 'o__Spongillida']",0,0,0,0,0,17,0,0,0,0,0,0,0,0,12,0,0,0,0,0,0,0,5,0,5,0,0,0,6,0,0,0,0,0,0,0,0,0,0,0,0,0,0,6,10,0,0,0,0,5,7,7,6,5,0,7,0
Spumella_sp._LG-2014b,"['k__unknown', 'p__unknown', 'c__Chrysophyceae', 'o__Chromulinales', 'f__Chromulinaceae', 'g__Spumella', 's__Spumella_sp._LG-2014b']",0,0,0,0,0,0,0,0,0,0,0,0,0,0,0,0,0,0,0,0,0,0,0,0,0,0,0,0,0,0,0,0,0,0,0,0,0,0,0,0,0,0,0,0,0,0,0,0,0,0,0,0,0,0,0,0,0
Stylaria_lacustris,"['k__Metazoa', 'p__Annelida', 'c__Clitellata', 'o__Haplotaxida', 'f__Tubificidae', 'g__Stylaria', 's__Stylaria_lacustris']",0,0,0,0,11,16,0,0,8,0,0,0,0,5,0,6,0,0,0,0,12,0,0,7,5,0,5,6,0,0,0,0,0,0,0,0,5,0,6,0,10,7,5,0,5,0,8,7,0,6,0,0,9,0,0,7,0
Stylochaeta_scirtetica,"['k__Metazoa', 'p__Gastrotricha', 'c__unknown', 'o__Chaetonotida', 'f__Dasydytidae', 'g__Stylochaeta', 's__Stylochaeta_scirtetica']",0,0,0,0,0,0,0,0,0,0,0,0,0,0,0,0,0,0,0,0,0,0,0,0,0,0,0,0,0,0,0,0,0,0,0,0,0,0,0,0,0,0,0,0,0,0,0,0,0,0,0,0,0,0,0,0,0
Stylodrilus_heringianus,"['k__Metazoa', 'p__Annelida', 'c__Clitellata', 'o__Lumbriculida', 'f__Lumbriculidae', 'g__Stylodrilus', 's__Stylodrilus_heringianus']",0,0,0,0,0,0,0,0,0,0,0,0,0,0,0,0,0,0,0,0,0,0,0,0,0,0,0,0,0,0,0,0,0,0,0,0,0,0,0,0,0,0,0,0,0,0,0,0,0,0,0,0,0,0,0,0,0
Sus_scrofa,"['k__Metazoa', 'p__Chordata', 'c__Mammalia', 'o__unknown', 'f__Suidae', 'g__Sus', 's__Sus_scrofa']",0,0,0,0,0,0,0,0,0,0,0,0,0,0,0,0,0,0,0,0,0,0,0,0,0,0,0,0,0,0,0,0,0,0,0,0,0,0,0,0,0,0,0,0,0,0,0,0,0,0,0,0,0,0,0,0,0
Synchaeta,"['k__Metazoa', 'p__Rotifera', 'c__Monogononta', 'o__Ploima', 'f__Synchaetidae', 'g__Synchaeta']",0,0,0,0,33,23,0,0,0,0,0,0,0,0,0,5,0,0,0,0,0,0,0,11,0,0,5,0,0,0,0,0,0,0,0,0,0,0,0,0,0,6,0,0,11,6,0,0,0,0,0,0,0,0,0,0,0
Synchaeta_cf._tremula/oblonga_UO-2012,"['k__Metazoa', 'p__Rotifera', 'c__Monogononta', 'o__Ploima', 'f__Synchaetidae', 'g__Synchaeta', 's__Synchaeta_cf._tremula/oblonga_UO-2012']",0,0,0,0,0,0,0,0,0,0,0,0,0,0,0,0,0,0,0,0,0,0,0,0,0,0,0,0,0,0,0,0,0,0,0,0,0,0,0,0,0,0,0,0,0,0,0,0,0,0,0,0,0,0,0,0,0
Synchaeta_pectinata,"['k__Metazoa', 'p__Rotifera', 'c__Monogononta', 'o__Ploima', 'f__Synchaetidae', 'g__Synchaeta', 's__Synchaeta_pectinata']",0,0,0,0,0,0,0,0,0,0,0,0,0,0,0,0,0,0,0,0,0,0,0,0,0,0,0,0,0,0,0,0,0,0,0,0,0,0,0,0,0,0,0,0,0,0,0,0,0,0,0,0,0,0,0,0,0
Synchaetidae,"['k__Metazoa', 'p__Rotifera', 'c__Monogononta', 'o__Ploima', 'f__Synchaetidae']",0,0,0,0,0,0,0,0,0,0,0,0,0,0,0,0,0,0,0,0,0,0,0,0,0,0,0,0,0,0,0,0,0,0,0,0,0,0,0,0,0,0,0,0,0,0,0,0,0,0,0,0,0,0,0,0,0
Tachypodoiulus_niger,"['k__Metazoa', 'p__Arthropoda', 'c__Diplopoda', 'o__Julida', 'f__Julidae', 'g__Tachypodoiulus', 's__Tachypodoiulus_niger']",0,0,0,0,0,0,0,0,0,0,0,0,0,0,0,0,0,0,0,0,0,0,0,0,0,0,0,0,0,0,0,0,0,0,0,0,0,0,0,0,0,0,0,0,0,0,0,0,0,0,0,0,0,0,0,0,0
Tanytarsus,"['k__Metazoa', 'p__Arthropoda', 'c__Insecta', 'o__Diptera', 'f__Chironomidae', 'g__Tanytarsus']",0,0,0,0,0,0,0,0,0,0,0,0,0,0,6,0,0,0,0,0,0,0,0,0,0,0,0,0,0,0,0,0,0,0,0,0,0,0,0,0,0,0,0,0,0,0,0,0,0,0,0,0,0,0,0,0,0
Tanytarsus_brundini,"['k__Metazoa', 'p__Arthropoda', 'c__Insecta', 'o__Diptera', 'f__Chironomidae', 'g__Tanytarsus', 's__Tanytarsus_brundini']",0,0,0,0,0,0,0,0,0,0,0,0,0,0,28,0,0,0,0,0,0,0,0,0,0,0,0,0,0,0,0,0,0,0,0,0,0,0,0,0,0,0,0,0,0,0,0,0,0,0,0,0,0,0,0,0,0
Tanytarsus_eminulus,"['k__Metazoa', 'p__Arthropoda', 'c__Insecta', 'o__Diptera', 'f__Chironomidae', 'g__Tanytarsus', 's__Tanytarsus_eminulus']",0,0,0,0,0,0,0,0,0,0,0,0,0,0,0,0,0,0,0,0,0,0,0,0,0,0,0,0,0,0,0,0,0,0,0,0,0,0,0,0,0,0,0,0,0,0,0,0,0,0,0,0,0,406,0,0,0
Tanytarsus_occultus,"['k__Metazoa', 'p__Arthropoda', 'c__Insecta', 'o__Diptera', 'f__Chironomidae', 'g__Tanytarsus', 's__Tanytarsus_occultus']",0,0,0,0,0,0,0,0,0,0,0,0,0,0,0,0,0,0,0,0,0,0,0,0,0,0,0,0,0,0,0,0,0,0,0,0,0,0,0,0,0,0,0,0,0,0,0,0,0,0,0,0,0,0,0,0,0
Tanytarsus_pallidicornis,"['k__Metazoa', 'p__Arthropoda', 'c__Insecta', 'o__Diptera', 'f__Chironomidae', 'g__Tanytarsus', 's__Tanytarsus_pallidicornis']",0,0,0,0,0,0,0,0,0,0,0,0,0,0,138,0,0,0,0,0,0,0,0,0,0,0,0,0,0,0,0,0,0,0,0,0,0,0,0,0,0,0,0,0,0,0,0,0,0,0,0,0,0,0,0,0,0
Tanytarsus_sylvaticus,"['k__Metazoa', 'p__Arthropoda', 'c__Insecta', 'o__Diptera', 'f__Chironomidae', 'g__Tanytarsus', 's__Tanytarsus_sylvaticus']",0,0,0,0,0,0,0,0,0,0,0,0,0,0,0,0,0,0,0,0,0,0,0,0,0,0,0,0,0,0,0,0,0,0,0,0,0,0,0,0,0,0,0,0,0,0,0,0,0,0,0,0,0,0,0,0,0
Tetracladium,"['k__Fungi', 'p__Ascomycota', 'c__unknown', 'o__unknown', 'f__unknown', 'g__Tetracladium']",0,0,0,0,0,13,0,0,0,0,0,0,0,0,24,0,0,0,0,0,0,0,0,0,0,0,0,0,0,0,0,0,0,0,0,0,0,0,0,0,0,0,0,0,0,0,0,0,0,0,0,0,0,0,0,0,0
Tetradesmus_obliquus,"['k__Viridiplantae', 'p__Chlorophyta', 'c__Chlorophyceae', 'o__Sphaeropleales', 'f__Scenedesmaceae', 'g__Tetradesmus', 's__Tetradesmus_obliquus']",0,0,0,0,0,0,0,0,0,0,0,0,0,0,0,0,0,0,0,0,0,0,0,0,0,0,0,0,0,0,0,0,0,0,0,0,0,0,0,0,0,0,0,0,0,0,0,0,0,0,0,0,0,0,0,0,0
Teutonia,"['k__Metazoa', 'p__Arthropoda', 'c__Arachnida', 'o__unknown', 'f__Teutoniidae', 'g__Teutonia']",0,0,0,0,0,0,0,0,0,0,0,0,0,0,0,0,0,0,0,0,0,0,0,0,0,0,0,0,0,0,0,0,0,0,0,0,0,0,0,0,0,0,0,0,0,0,0,0,0,0,0,0,0,0,0,0,0
Thalassiosira_pseudonana,"['k__unknown', 'p__Bacillariophyta', 'c__Coscinodiscophyceae', 'o__Thalassiosirales', 'f__Thalassiosiraceae', 'g__Thalassiosira', 's__Thalassiosira_pseudonana']",0,0,0,18,18,23,14,9,8,36,0,0,0,9,21,36,13,11,18,8,10,6,10,13,17,12,7,16,11,10,16,19,7,28,11,6,21,0,5,17,8,12,9,13,22,10,17,12,14,8,20,18,37,7,18,10,0
Thelonectria_discophora,"['k__Fungi', 'p__Ascomycota', 'c__Sordariomycetes', 'o__Hypocreales', 'f__Nectriaceae', 'g__Thelonectria', 's__Thelonectria_discophora']",0,0,0,0,0,0,0,0,0,0,0,0,0,0,0,0,0,0,0,0,0,0,0,0,0,0,0,0,0,0,0,0,0,0,0,0,0,0,0,0,0,0,0,0,0,0,0,0,0,0,0,0,0,0,0,0,0
Thelonectria_veuillotiana,"['k__Fungi', 'p__Ascomycota', 'c__Sordariomycetes', 'o__Hypocreales', 'f__Nectriaceae', 'g__Thelonectria', 's__Thelonectria_veuillotiana']",0,0,0,0,0,0,0,0,0,0,0,0,0,0,0,0,0,0,0,0,0,0,0,0,0,0,0,0,0,0,0,0,0,0,0,0,0,0,0,0,0,0,0,0,0,0,0,0,0,0,0,0,0,0,0,0,0
Thermothelomyces_thermophila,"['k__Fungi', 'p__Ascomycota', 'c__Sordariomycetes', 'o__Sordariales', 'f__Chaetomiaceae', 'g__Thermothelomyces', 's__Thermothelomyces_thermophila']",0,0,0,0,0,5,0,0,0,0,0,0,0,0,0,0,0,0,0,0,0,0,0,0,0,0,0,0,0,0,0,0,0,0,0,0,0,0,0,0,0,0,0,0,0,0,0,0,0,0,0,0,0,0,0,0,0
Tolypocladium_ophioglossoides,"['k__Fungi', 'p__Ascomycota', 'c__Sordariomycetes', 'o__Hypocreales', 'f__Ophiocordycipitaceae', 'g__Tolypocladium', 's__Tolypocladium_ophioglossoides']",0,0,0,0,0,0,0,0,0,0,0,0,0,0,0,0,0,0,0,0,0,0,0,0,0,0,0,0,0,0,0,0,0,0,0,0,0,0,0,0,0,0,0,0,0,0,0,0,0,0,0,0,0,0,0,0,0
Tomocerus,"['k__Metazoa', 'p__Arthropoda', 'c__Collembola', 'o__unknown', 'f__Tomoceridae', 'g__Tomocerus']",0,0,0,0,0,8,0,0,0,0,0,0,0,0,0,0,0,0,0,0,0,0,0,0,0,0,0,0,0,0,0,0,0,0,0,0,0,0,0,0,0,0,0,0,0,0,0,0,0,0,0,0,0,0,0,0,0
Tomocerus_vulgaris,"['k__Metazoa', 'p__Arthropoda', 'c__Collembola', 'o__unknown', 'f__Tomoceridae', 'g__Tomocerus', 's__Tomocerus_vulgaris']",0,0,0,0,0,6,0,0,0,0,0,0,0,0,0,0,0,0,0,0,0,0,0,0,0,0,0,0,0,0,0,0,0,0,0,0,0,0,0,0,0,0,0,0,0,0,0,0,0,0,0,0,0,0,0,0,0
Trebouxia_aggregata,"['k__Viridiplantae', 'p__Chlorophyta', 'c__Trebouxiophyceae', 'o__Microthamniales', 'f__unknown', 'g__Trebouxia', 's__Trebouxia_aggregata']",0,0,0,0,0,0,0,0,0,0,0,0,0,0,0,0,0,0,0,0,0,0,0,0,0,0,0,0,0,0,0,0,0,0,0,0,0,0,0,0,0,0,0,0,0,0,0,0,0,0,0,0,0,0,0,0,0
Trichoptera,"['k__Metazoa', 'p__Arthropoda', 'c__Insecta', 'o__Trichoptera']",0,0,0,0,0,0,0,0,0,0,0,0,0,0,0,0,0,0,0,0,0,0,0,0,0,0,0,0,0,0,0,0,0,0,0,0,0,0,0,0,0,0,0,0,0,0,0,0,0,0,0,0,0,0,0,0,0
Triops_cancriformis,"['k__Metazoa', 'p__Arthropoda', 'c__Branchiopoda', 'o__Notostraca', 'f__Triopsidae', 'g__Triops', 's__Triops_cancriformis']",0,20464,39440,0,0,0,0,0,0,0,0,0,0,0,0,0,0,0,0,0,0,0,0,0,0,0,0,0,0,0,0,0,0,0,0,0,0,0,0,0,0,0,0,0,0,0,0,0,0,0,0,0,0,0,0,0,0
Tubifex_tubifex,"['k__Metazoa', 'p__Annelida', 'c__Clitellata', 'o__Haplotaxida', 'f__Tubificidae', 'g__Tubifex', 's__Tubifex_tubifex']",0,0,0,0,0,0,0,0,0,0,0,0,0,0,0,0,0,0,0,0,0,0,0,0,0,0,0,0,0,0,0,0,0,0,0,0,0,0,0,0,0,0,0,0,0,0,0,0,0,0,0,0,0,0,0,0,0
Tubificidae,"['k__Metazoa', 'p__Annelida', 'c__Clitellata', 'o__Haplotaxida', 'f__Tubificidae']",0,0,0,0,0,0,0,0,0,0,0,0,0,0,0,0,0,0,0,0,0,0,0,0,0,0,0,0,0,0,0,0,0,0,0,0,0,0,0,0,0,0,0,0,0,0,0,0,0,0,0,0,0,0,0,0,0
Tvetenia_calvescens,"['k__Metazoa', 'p__Arthropoda', 'c__Insecta', 'o__Diptera', 'f__Chironomidae', 'g__Tvetenia', 's__Tvetenia_calvescens']",0,0,0,0,12,0,0,0,0,0,0,0,0,0,0,6,0,0,0,0,0,0,0,0,0,0,0,0,0,0,0,0,48,11,0,0,0,0,0,0,0,0,0,0,6,0,5,0,95,0,5,0,0,0,0,7,0
uncultured_Florideophyceae,"['k__unknown', 'p__unknown', 'c__Florideophyceae', 'o__unknown', 'f__unknown', 'g__unknown', 's__uncultured_Florideophyceae']",0,0,0,0,0,0,0,0,0,0,0,0,0,0,0,0,0,0,0,0,0,0,0,0,0,0,0,0,0,0,0,0,0,0,0,0,0,0,0,0,0,0,0,0,0,0,0,0,0,0,0,0,0,0,0,0,0
uncultured_Pythium,"['k__unknown', 'p__unknown', 'c__Oomycetes', 'o__Pythiales', 'f__unknown', 'g__unknown', 's__uncultured_Pythium']",0,0,0,0,0,5,0,0,0,0,0,0,0,0,0,0,0,0,0,0,0,0,0,0,0,0,0,0,0,0,0,0,0,0,0,0,0,0,0,0,0,0,0,0,0,0,0,0,0,0,0,0,0,0,0,0,0
Unio_tumidus,"['k__Metazoa', 'p__Mollusca', 'c__Bivalvia', 'o__Unionoida', 'f__Unionidae', 'g__Unio', 's__Unio_tumidus']",0,0,0,0,0,0,0,0,0,0,0,0,0,0,10,0,0,0,0,0,0,0,0,0,0,0,0,0,0,0,0,0,0,0,0,0,0,0,0,0,0,0,0,0,0,0,0,0,0,0,0,0,0,0,0,0,0
Vaucheria_sessilis,"['k__unknown', 'p__Xanthophyceae', 'c__unknown', 'o__Vaucheriales', 'f__Vaucheriaceae', 'g__Vaucheria', 's__Vaucheria_sessilis']",0,0,0,0,0,0,0,0,0,0,0,0,0,0,0,0,0,0,0,0,0,0,0,0,0,0,0,0,0,0,0,0,0,0,0,0,0,0,0,0,0,0,0,0,0,0,0,0,0,0,0,0,0,0,0,0,0
Vexillifera_expectata,"['k__unknown', 'p__unknown', 'c__unknown', 'o__unknown', 'f__Vexilliferidae', 'g__Vexillifera', 's__Vexillifera_expectata']",0,0,0,0,0,0,0,0,0,0,0,0,0,0,0,0,0,0,0,0,0,0,0,0,0,0,0,0,0,0,0,0,0,0,0,0,0,0,0,0,0,0,0,0,0,0,0,0,0,0,0,0,0,0,0,0,0
zooplankton_environmental_sample,"['k__unknown', 'p__unknown', 'c__unknown', 'o__unknown', 'f__unknown', 'g__unknown', 's__zooplankton_environmental_sample']",0,0,0,796,351,4827,570,154,579,679,268,1049,0,91,3139,4019,132,1226,1865,147,386,256,573,3597,1017,187,4363,1181,375,407,300,277,1153,772,212,1464,1852,219,243,292,70,3312,246,93,5948,1108,392,688,351,106,660,249,1745,191,605,658,146
unassigned,['__unassigned'],1653,0,14,4983,23068,20280,5999,4216,10172,12131,3633,3721,0,3384,25677,14091,4039,4034,7432,5052,9486,3972,7384,8452,9055,5344,5989,11227,11337,4037,7834,6189,4985,18160,2749,4834,10663,3949,3557,5160,4697,7289,3580,4134,10654,4437,9633,9352,5900,7705,7212,7051,17039,4626,6212,7485,230